battery_id,formula_charge,formula_discharge,average_voltage,capacity_grav,capacity_vol,energy_grav,energy_vol,max_voltage_step,stability_charge,stability_discharge,fracA_charge,fracA_discharge,max_delta_volume,num_steps
mp-102_Na,Co,Na3Co,-0.876626576781609,628.6385461641345,1355.5764220909682,-551.081256756833,-1188.3343184634675,0.0,0.016113994999999,0.661498431336206,0.0,0.75,8.02501257791034,1
mp-1055940_Na,Cs,CsNa3,-0.097482890114942,398.28873871922747,630.3862190003856,-38.82633735058558,-61.4518705167888,0.0,0.037365932068965005,0.082453650603448,0.0,0.75,0.826456110470957,1
mp-10683_Na,Ca,Na3Ca,0.014938906551724002,737.3354283451486,869.644431426826,11.014985061323747,12.991536894312723,0.0,0.399613499999999,0.08869919508620601,0.0,0.75,2.514750244182134,1
mp-1096861_Na,Cd,Na3Cd,0.04440609655172301,443.29202212523757,1095.8197178439339,19.684868335102223,48.66107619386056,0.0,0.0,0.004911455,0.0,0.75,4.239338623655955,1
mp-11051_Na,NaSn,Na2Sn,-0.225486594698275,162.73942704381022,471.81884490806476,-36.69555922725719,-106.38882465279325,0.0,0.0,0.11547658236111101,0.5,0.6666666666666661,0.560211439325037,1
mp-11180_Na,NaC2,NaC,3.250765886551722,382.87316851318354,615.0145561900135,1244.631035078626,1999.2683389952433,0.0,1.392371879482758,0.23158743797413803,0.33333333333333304,0.5,0.379247270287415,1
mp-124_Na,Ag,Na3Ag,-0.008958720114942,454.67980417842375,1215.8776300808904,-4.073349107551401,-10.892707381914395,0.0,0.0036091633333330004,0.045181525280172004,0.0,0.75,5.0988459020016,1
mp-23_Na,Ni,Na3Ni,-0.555671876781609,629.8193481597051,1381.22927720939,-349.972899225273,-767.5102647326471,0.0,0.0,0.416753907586206,0.0,0.75,7.973517144848824,1
mp-28_Na,Ce,Na3Ce,-0.619197831781609,384.55329198749916,867.4477003909979,-238.11456460313963,-537.121735266049,0.0,0.0,0.464398373836206,0.0,0.75,4.8994292004514834,1
mp-45_Na,Ca,Na3Ca,-0.113746073448275,737.3354283451486,878.8241665326253,-83.86900978856318,-99.96279819453977,0.0,0.0,0.08530955508620601,0.0,0.75,2.637930387084447,1
mp-568345_Na,Fe,Na3Fe,-0.661557793448275,644.1925194919359,1214.9419279921021,-426.17058175097054,-803.7543010502492,0.0,0.76141216,0.6865213850862061,0.0,0.75,7.196324164616001,1
mp-623511_Na,Sn,Na3Sn,0.191626119885057,428.41400238239333,1182.701763026717,82.09531298096573,226.63654983002627,0.0,0.054256834999999004,0.036712697,0.0,0.75,3.049267242580307,1
mp-80_Na,Sb,Na3Sb,0.731773513218391,421.56312706562005,1115.941645325364,308.4887305361398,816.6165383464535,0.0,0.290331829999999,0.0,0.0,0.75,3.3650897992717113,1
mp-8642_Na,Re,Na3Re,-1.714772376781609,315.0936860741267,1287.677942454661,-540.3139489782085,-2208.0745659122313,0.0,0.06275675500000001,1.301768471336206,0.0,0.75,5.859284760544032,1
mp-977200_Na,Na2C,Na3C,-0.43667685344827506,330.96417079037775,601.2373061481788,-144.52439270485988,-262.54641502450437,0.0,1.273791083132183,1.064512525711206,0.6666666666666661,0.75,0.22595722048261102,1
mp-1001833_Na,InBi,Na2InBi,-1.8079083834482752,144.95987104982518,58.99709601385749,-262.07416613455996,-106.6613444825558,0.0,0.025940062499999,1.179775381527777,0.0,0.5,17.704724733390176,1
mp-1008483_Na,CdN,NaCdN,1.321085651551725,179.38514904590247,809.7604627982755,236.9831465060095,1069.7629285966868,0.0,0.9604628525000001,0.28068387583333304,0.0,0.33333333333333304,0.9313341135902191,1
mp-1009747_Na,ScSn,NaScSn,0.7297572165517231,143.5878134625825,517.3677921853025,104.78424308320231,377.55287995865694,0.0,1.036799461964285,0.48644050426984103,0.0,0.33333333333333304,0.150262192374178,1
mp-1014373_Na,CrN2,NaCrN2,1.963945621551726,260.2104008379416,818.8312590421721,511.03907740789515,1608.1400659855615,0.0,0.34941860500000005,0.0,0.0,0.25,0.167853665227991,1
mp-10224_Na,VS2,NaVS2,1.5173732365517272,194.12744272985213,610.3613312704434,294.56378607850576,926.1459486958536,0.0,0.018495836666667,0.016687762499999002,0.0,0.25,0.28381710394256204,1
mp-10225_Na,VS2,NaVS2,1.4538122665517221,194.12744272985213,604.1470497701976,282.224857514976,878.3163917569472,0.0,0.018088773333333003,0.032272707499999005,0.0,0.25,0.118400517729981,1
mp-1041961_Na,CrO2,NaCr2O4,3.8760708490517253,140.33690224774546,515.9140235114229,543.9557758487077,1999.7193071496126,0.0,0.17562250499998303,0.062053670476186006,0.0,0.14285714285714202,0.06835041383844301,1
mp-1062939_Na,CoO2,NaCoO2,2.662275291551726,235.26216710874036,1030.2267597001485,626.3326545305126,2742.747247045103,0.0,0.006608808333334001,0.09736583500000501,0.0,0.25,0.114361442571003,1
mp-1063314_Na,Ca2Rh,NaCa2Rh,-0.24868994344827602,130.07190510893557,449.3551193493026,-32.347574725750746,-111.75009921917153,0.0,0.036099388611110006,0.089247027320402,0.0,0.25,0.17398024263397602,1
mp-1072712_Na,NbS2,Na2(NbS2)3,2.107033556551725,103.66299730251782,408.0489406469211,218.421413889136,859.7728106584459,0.0,0.003163039999998,0.0,0.0,0.18181818181818102,0.180113004128266,1
mp-1076642_Na,CrO3,NaCrO3,3.939361146551721,217.92644610209217,845.2492869705397,858.4909745806798,3329.742200242291,0.0,0.40224307075000004,0.29644677833333405,0.0,0.2,0.068043956765811,1
mp-1101189_Na,VF5,Na2VF5,4.338141591551722,279.3085775932417,824.4431308117136,1211.680157334393,3576.551035643411,0.0,0.057393259583332,0.0,0.0,0.25,0.18532187103364803,1
mp-1221396_Na,Na(NbSe2)2,Na2(NbSe2)3,1.388520896551729,16.783261216284654,89.29517472194613,23.303908911097434,123.98821606265994,0.0,0.004727613928569001,0.008946799772727,0.14285714285714202,0.18181818181818102,9.039537618349416e-05,1
mp-1238805_Na,CrS2,Na(CrS2)2,1.8009576765517221,105.00420922533596,317.13176644343076,189.10813667461193,571.1408892547043,0.0,0.029461006666667,0.10673064428570901,0.0,0.14285714285714202,0.32402583479470104,1
mp-12627_Na,Nb3S4,Na(Nb3S4)2,0.9762726265517221,32.02287306651872,161.5411239223642,31.263054398382643,157.7081773478038,0.0,0.0,0.00150552441463,0.0,0.066666666666666,0.0014587259720740002,1
mp-1297798_Na,VO2,Na3V5O10,2.822687252662833,166.23794972279939,609.9985022347996,469.23774159135075,1721.8349964015895,0.0,0.163093150555557,0.026557089305564004,0.0,0.16666666666666602,0.16899196461083402,1
mp-15724_Na,KNaSb,KNa2Sb,1.3089780265517241,129.57726367648758,374.5335489799822,169.61379089322114,490.2561858212307,0.0,0.297216350000001,0.0,0.33333333333333304,0.5,0.060173438387468005,1
mp-17999_Na,VF4,NaVF4,4.179153189051728,178.7660645353225,532.0809859734362,747.09076869702,2223.647949364674,0.0,0.024513009999999003,0.0,0.0,0.16666666666666602,0.19147314460584,1
mp-18528_Na,V6O11,NaV6O11,2.784205116551735,53.11092470304411,223.08523894424403,147.87170830300937,621.1150636957307,0.0,0.048091485,0.019406203703711003,0.0,0.055555555555555004,0.009926352827844001,1
mp-18773_Na,WO3,Na(WO3)8,1.5147142115517371,14.273604538760132,96.76868199819951,21.62043164492936,146.57689785580362,0.0,0.00030034999999900005,0.027006272290519003,0.0,0.030303030303030002,0.009972190436288001,1
mp-18846_Na,CoO2,NaCoO2,3.008840576551722,235.26216710874036,1146.4373117065732,707.86635452427,3449.4471019356124,1.364667017500004,0.007578856666667,0.011452050000005001,0.0,0.25,0.09531196620538701,3
mp-18896_Na,V6O13,Na2V6O13,2.545130256551719,95.78444578136505,359.3136502077789,243.78389106518983,914.5000427358589,0.0,0.016361282368421,0.040702089444453006,0.0,0.09523809523809501,0.075981364750489,1
mp-18921_Na,CoO2,NaCoO2,3.056321886551724,235.26216710874039,1148.1636570771243,719.0369104120325,3509.1577144680837,1.534020794999998,0.008136560000000001,0.0,0.0,0.25,0.167784901100262,2
mp-18957_Na,MnO2,NaMnO2,2.745589469051722,243.81248636564382,984.2654657299418,669.4089949888283,2702.3888974594174,0.8364957700000031,0.013758580833332002,0.0,0.0,0.25,0.07564982534624301,2
mp-18999_Na,Mn7O12,NaMn7O12,3.508429366551699,44.70274542758905,215.59187924754764,156.8364248236381,756.3888803421639,0.0,0.047872553750000005,0.028777094025572002,0.0,0.05,0.030349244993923004,1
mp-190_Na,ReO3,NaReO3,1.844006056551724,104.20686384493769,757.4578672166982,192.15808806432597,1396.756894730343,0.0,0.0,0.041795214700001006,0.0,0.2,0.073889511586952,1
mp-19111_Na,V2O5,NaV2O5,3.266735261551719,130.82203996985868,398.6592181515436,427.36097095766576,1302.3141252782866,0.0,0.0,0.006109123750000001,0.0,0.125,0.11340613664322201,1
mp-19149_Na,NiO2,NaNiO2,3.298787669051722,235.758417232829,1084.358893914879,777.7169596428074,3577.0697480729677,0.8853448128749931,0.12982718611111102,0.0,0.0,0.25,0.261023972265907,2
mp-19280_Na,Cr3O8,NaCr3O8,4.718635471551725,87.30884356226281,261.94369512813955,411.97860621305375,1236.01681138097,0.0,0.049332349454545,0.0,0.0,0.08333333333333301,0.007678031581796,1
mp-19326_Na,MnO2,NaMnO2,2.387015871551721,243.81248636564382,936.7967503415632,581.9842746372794,2236.1487114833867,0.0,0.004453094166667,0.08266428437500001,0.0,0.25,0.507699056682267,1
mp-19328_Na,WO3,NaWO3,1.79113511905172,105.17480173424349,711.4945713075195,188.38228102550525,1274.3829136835466,0.967370378571446,0.000142558437499,0.05530045630435201,0.0,0.2,0.08219389083152001,5
mp-19359_Na,FeO2,NaFeO2,3.764714066551725,241.8173602047862,1017.6706248848969,910.3732174993642,3831.2389166206563,0.0,0.273916410833334,0.0,0.0,0.25,0.14647888674734902,1
mp-19391_Na,VO2,NaVO2,2.356136071551724,253.0110791726265,1007.3029655345114,596.1285301408544,2373.3428520768853,1.031590889999996,0.138130571666666,0.0,0.0,0.25,0.193824920488038,2
mp-19395_Na,MnO2,NaMn2O4,2.260954995301727,136.14248801370493,559.5788771346711,307.8120383473917,1265.182657522966,1.456466282500002,0.0,0.11005655482142801,0.0,0.14285714285714202,0.105184730638279,3
mp-19427_Na,Na2CoO3,Na7(CoO3)2,2.179217496551723,214.53131452380896,606.1528852544777,467.5103941685254,1320.9389731318672,0.0,0.18178810750000002,0.011877395333325,0.33333333333333304,0.46666666666666606,0.013960694810336,1
mp-19443_Na,WO3,Na3(WO3)4,1.964178333218393,80.70125394527919,548.3901397176231,158.5116544628728,1077.136030583963,0.0,0.005913767812499001,0.036135768771972006,0.0,0.157894736842105,0.05243064479248501,1
mp-19844_Na,FeSb3,Na(FeSb3)4,0.9655919965517121,15.696422682910313,114.20609001945044,15.156340117110954,110.27648648024574,0.0,0.0,0.0,0.0,0.058823529411764004,0.007999172191121,1
mp-20011_Na,SbO3,NaSbO3,4.701569966551723,139.0493567609528,635.617677809546,653.7502796156315,2988.400984198711,0.0,0.198004348749999,0.05513724700000001,0.0,0.2,0.019795488538149,1
mp-21021_Na,Mo3Se4,Na(Mo3Se4)2,1.675246316551725,21.784335794593108,139.3078031768999,36.494128298418005,233.37488413901428,0.0,0.06087143500000101,0.036686208333329,0.0,0.066666666666666,0.038494631112360005,1
mp-21036_Na,MnO2,NaMnO2,3.156686756551725,243.81248636564382,972.9632467448822,769.6396467923759,3071.340195611138,0.0,0.168055925833334,0.012948686875,0.0,0.25,0.329122774716114,1
mp-2156_Na,TiS2,NaTiS2,1.5374763665517222,198.54894882157072,598.3155934833117,305.2643164168524,919.8960847199594,0.0,0.0,0.006389345,0.0,0.25,0.146015961919879,1
mp-21792_Na,Na4CoO4,Na5CoO4,1.6768774440517231,112.6682425937266,314.38664954970443,188.93083466636773,527.1878813408931,0.0,0.0,0.000123252749986,0.44444444444444403,0.5,0.039441618947962005,1
mp-21996_Na,Na4NiO4,Na5NiO4,2.723290241551726,112.78193262358499,318.78222013321295,307.1379365371534,868.1365092689732,0.0,0.098722963634259,0.0,0.44444444444444403,0.5,0.046715089045179,1
mp-2207_Na,NbSe2,NaNbSe2,1.489200091551723,97.88130179990635,532.5347329264044,145.76484360162237,793.0507730284739,0.0,0.0010431641666670001,0.0,0.0,0.25,0.15221407618955302,1
mp-23208_Na,UCl3,NaU2Cl6,0.24482749655172503,37.65492677508537,207.50603394231788,9.21896145518268,50.803182809475004,0.0,0.0,0.12038592296296201,0.0,0.11111111111111101,0.029783759805266003,1
mp-23211_Na,PrCl3,NaPr2Cl6,0.045039906551725004,51.78799310850286,203.05599151253955,2.332526370108374,9.145622882492752,0.0,0.0,0.055189023148148005,0.0,0.11111111111111101,0.028638117550509,1
mp-23250_Na,UCl6,Na2UCl6,2.665663758218389,107.9124384178086,335.1981515773222,287.65827615132616,893.5255644814621,0.0,0.0,0.0,0.0,0.22222222222222202,0.013062500944383002,1
mp-246_Na,TiF3,NaTiF3,-0.060389533448276,209.62898955611294,619.03777386581,-12.659396876527234,-37.383402350615796,0.0,0.0,0.23502901877777801,0.0,0.2,0.166112579681285,1
mp-25206_Na,NiO2,Na2NiO2,2.891103571551724,392.2022420692018,1412.816339360094,1133.8973028168634,4084.598364670601,0.0,0.5811151294444451,0.054099809000000006,0.0,0.4,0.44631478752520903,1
mp-25207_Na,V2O5,Na2V6O15,3.211569766551733,90.60377285915409,297.4445541322273,290.98033764997973,955.2639372765217,0.624782026666593,0.02981807357143,0.044422464565206,0.0,0.08695652173913,0.082652397052103,3
mp-25233_Na,V2O5,NaV2O5,2.995272471551725,130.82203996985868,376.72461354081497,391.84765499395724,1128.3928642947656,0.0,0.011343075000000001,0.049967163125000005,0.0,0.125,0.0476625704965,1
mp-25262_Na,TiO2,NaTiO2,1.043654076551721,260.5739420138076,1038.759748591774,271.94905682586233,1084.1058461756465,1.448805350000007,0.178814235833332,0.042163686415229,0.0,0.25,0.14088050386865802,3
mp-25275_Na,MnO2,NaMnO2,2.681035694051722,243.81248636564382,992.797620860977,653.66997860179,2661.725858497908,0.675961565000001,0.03293045,0.030517345625,0.0,0.25,0.28175884889916003,2
mp-25283_Na,VO2,NaV2O4,2.902853686551726,141.90410728551464,535.8952957194725,411.9268609705878,1555.6256347849983,0.0,0.161385609999999,0.039820423059536,0.0,0.14285714285714202,0.12780963134213302,1
mp-25302_Na,CrO2,NaCrO2,3.453020624051724,250.5170257171999,1037.1263265348825,865.0404564775876,3581.218595271953,0.0,0.18456060166665,0.0,0.0,0.25,0.22744143222936203,1
mp-25349_Na,MoO2,NaMoO2,2.137050486551722,177.57725573905267,882.3250343204859,379.4915607776621,1885.573143891359,0.0,0.20994759833333201,0.0,0.0,0.25,0.21244388745873702,1
mp-25378_Na,CuO2,NaCuO2,3.333151786551722,226.10687589418717,1055.1092340804075,753.6485373383385,3516.8392285823297,0.0,0.164496610208333,0.12399844124999901,0.0,0.25,0.23135267252735403,1
mp-27420_Na,NaBiF6,Na3BiF6,3.667185041551722,136.76313955283598,495.4826884544176,501.5357396038108,1817.0267034478723,0.0,0.0,0.15408591800000002,0.125,0.30000000000000004,0.313614820942601,1
mp-27569_Na,Na10Mn2O9,Na14Mn2O9,1.127592531551727,186.20950370571575,479.607212255652,209.96844568251876,540.8015106178171,0.0,0.06938445190476701,0.0,0.47619047619047605,0.56,0.093901001715883,1
mp-28262_Na,Na4MnO4,Na5MnO4,1.473064681551722,114.59281025832004,315.93467703753635,168.8026215512892,465.39221442144486,0.0,0.056622421944447006,0.010346431000009001,0.44444444444444403,0.5,0.027216325151004,1
mp-28602_Na,ClO,Na3ClO,3.707624839885056,667.6906089300957,1428.4169630296385,2475.5462870272017,5296.034213841863,0.0,1.5532711159375001,0.0,0.0,0.6000000000000001,2.164100472444561,1
mp-28649_Na,Ti8O13,NaTi8O13,0.9985362165517161,43.656453282832786,181.0241121452347,43.592549689106626,180.75913204613636,0.0,0.008284844761904001,0.0049296034090720005,0.0,0.045454545454545005,0.004279669609221001,1
mp-29356_Na,TiO2,NaTi2O4,1.4116670265517222,146.6795112743142,591.4283239514258,207.06262953667095,834.8998634909781,0.59477870250003,0.073966345833333,0.0,0.0,0.14285714285714202,0.038062207566516,2
mp-29793_Na,V3O7,Na2V3O7,3.227863313218396,172.46779322370762,516.4496738667699,556.7024624585422,1667.028955398152,0.0,0.08215866000000101,0.0,0.0,0.16666666666666602,0.02420240741757,1
mp-31257_Na,Mo15S19,Na17(Mo15S19)4,1.692320103022309,53.07739567756354,244.3185580904383,89.8239437212102,413.4652073978726,0.0,0.082155104411764,0.0,0.0,0.11111111111111101,0.077575202240742,1
mp-3136_Na,NbO3,NaNbO3,4.182213449051726,163.52901282505943,683.2366310799882,683.9132367471158,2857.4414273875195,0.0,0.188615306607143,0.036025795500000006,0.0,0.2,0.024702532977816,1
mp-32578_Na,Ce2Se3,Na(Ce2Se3)4,1.3062331915517151,12.814859489981664,82.95762843869018,16.739194810885543,108.36200775903166,0.0,0.0,0.0,0.0,0.047619047619047006,0.015128099222686,1
mp-32686_Na,CoO2,NaCoO2,2.606248111551721,235.26216710874036,1029.9297811203285,613.1515787467201,2684.252547075734,0.0,0.008334681666666,0.11266703500000501,0.0,0.25,0.285067474507051,1
mp-3332_Na,Na2(CrSe2)3,NaCrSe2,1.776473426551717,38.35810182058729,175.20220392764173,68.14214857723837,311.24205955075047,0.0,0.0,0.0,0.18181818181818102,0.25,0.027266534558452002,1
mp-3744_Na,NbO2,NaNbO2,2.268371046551721,181.21971896837647,981.2687577253805,411.0735635721049,2225.8816389100284,1.7129463975000032,0.283371129166665,0.0,0.0,0.25,0.14959133700964802,2
mp-4541_Na,CuO2,NaCuO2,4.161823956551723,226.10687589418717,920.5041396460786,941.0170128374955,3830.9761804840828,0.0,0.28562952687500004,0.007680086249999001,0.0,0.25,0.18510130620221202,1
mp-504778_Na,NaMoF6,Na3MoF6,3.062632396551724,192.19438778095326,580.1327855035025,588.6207584533723,1776.7334631848194,0.0,0.0,0.06076563149999901,0.125,0.30000000000000004,0.0045451930117740005,1
mp-505090_Na,CuO,Na(CuO)2,2.471841064051726,147.1957235818452,724.3915018383163,363.844434002412,1790.580660694052,0.0,0.15278473625000003,0.0,0.0,0.2,0.08980882192238701,1
mp-510746_Na,Fe5O8,NaFe5O8,3.894237176551716,62.29860546983345,277.75098993779085,242.60554546795348,1081.6282308397867,0.0,0.16345176730769,0.08382861660714201,0.0,0.07142857142857101,0.07381057692186001,1
mp-510751_Na,CuO,Na(CuO)2,2.493116836551724,147.1957235818452,734.0017091877687,366.97613673031185,1829.9520192337684,0.0,0.179534246562499,0.01714445375,0.0,0.2,0.160281934601977,1
mp-531997_Na,WO3,Na3(WO3)4,2.076462611551727,80.70125394527919,545.2574541587533,167.57313652271353,1132.2067172305308,0.380213084999993,0.010663485937499,0.022406434824603003,0.0,0.157894736842105,0.10860123268525101,2
mp-540003_Na,FeO2,Na(FeO2)2,3.8420038315517253,134.8995169529954,550.5592025707001,518.2844610078853,2115.2505657726924,0.0,0.258179855833334,0.09286287678571101,0.0,0.14285714285714202,0.095778025025538,1
mp-542710_Na,MnO2,NaMn2O4,3.183568416551725,136.14248801370493,599.1116922674862,433.4189249912029,1907.3130614896259,0.0,0.025369589583334,0.0,0.0,0.14285714285714202,0.136504197715484,1
mp-5449_Na,Na2Ti6O13,Na3Ti6O13,0.44048034655171203,47.506584124836635,168.42723749527167,20.925716638796143,74.18888794066491,0.0,0.0,0.020273800909089,0.09523809523809501,0.13636363636363602,0.0025772227637560004,1
mp-558110_Na,TiS2,NaTiS2,1.503396686551724,198.54894882157072,595.2357153721041,298.49783177667734,894.8754022076668,0.0,0.0019210499999990003,0.016350052499999,0.0,0.25,0.159455665859389,1
mp-558418_Na,CrF6,Na3CrF6,5.127144469885056,342.21089320931486,967.8833308375773,1754.564688652564,4962.4776671978125,1.002353380000002,0.0,0.085079429499997,0.0,0.30000000000000004,0.195681074683196,2
mp-560242_Na,MnF3,NaMnF3,3.78776930655172,198.64275476957155,667.8890055260309,752.4129294850634,2529.809475314852,0.0,0.0018928274999980002,0.0,0.0,0.2,0.18908059493695,1
mp-560778_Na,V2O5,Na9V14O35,3.211356015440613,162.97450034225784,501.88298983765935,523.369142037538,1611.7249584624876,0.0,0.025970106530612002,0.003735386063231,0.0,0.155172413793103,0.061296319991463004,1
mp-561_Na,Nb3Se4,Na(Nb3Se4)2,0.8024059965517301,22.111462060898074,142.78643351817877,17.7423697501907,114.57269048122166,0.0,0.0,0.012813839533337002,0.0,0.066666666666666,0.0017519784366370002,1
mp-568488_Na,Mo15Se19,Na2Mo15Se19,1.7052399915517111,17.955519199322875,110.133244150532,30.618469407759925,187.8036123248157,0.0,0.065439831029411,0.043365360416668004,0.0,0.055555555555555004,0.005566743581220001,1
mp-570170_Na,Mo15Se19,Na3Mo15Se19,1.6214539415517342,26.727452269136176,159.83954928284348,43.337332829426686,259.1724672005192,0.0,0.063813381470589,0.038521924324316004,0.0,0.081081081081081,0.047970429970887005,1
mp-5955_Na,NaSbF6,Na3SbF6,2.037283706551722,175.90906506585125,520.8621303912654,358.37667209340555,1061.1439316059436,0.0,0.0,0.19167161900000002,0.125,0.30000000000000004,0.12507898458414402,1
mp-637292_Na,CrS2,NaCrS2,2.159152006551721,192.65581478285748,607.5659722911892,415.97318906226354,1311.8272881850687,0.27955071999999603,0.0,0.005463292499999,0.0,0.25,0.27648736328646,2
mp-642750_Na,VO2,NaV2O4,2.492623141551722,141.90410728551464,596.2127858854733,353.7134617011121,1486.1337873871526,0.0,0.05939107749999901,0.011000901630964,0.0,0.14285714285714202,0.07611131512011801,1
mp-7002_Na,TiO2,NaTiO2,1.103220296551726,260.5739420138076,1014.2892309824048,287.47046158212504,1118.9844661936306,0.0,0.152601063333333,0.007612252040229001,0.0,0.25,0.15813135100774,1
mp-7433_Na,CuSe,NaCuSe,1.617357171551722,161.94662414613654,774.8641801913951,261.9255339713453,1253.232138811099,0.0,0.044356246666666,0.0,0.0,0.33333333333333304,0.48800728419287803,1
mp-7469_Na,CuO,NaCuO,2.9905996865517253,261.3881786470279,957.7380818069473,781.7074051301281,2864.2112072505074,0.0,0.5894081550000001,0.0,0.0,0.33333333333333304,0.312845470854881,1
mp-752583_Na,VO2,NaV5O10,2.143013756551727,61.23375773396668,231.2926770790579,131.22478518924635,495.6633887700976,0.0,0.051628716999999005,0.059211158541666004,0.0,0.0625,0.091954338633161,1
mp-752584_Na,Na5Cu7O13,Na7Cu7O13,2.982477596551721,65.87213608018642,265.61530344365434,196.4621700961623,792.1916918219863,0.0,0.08704904724999801,0.043017683333333,0.2,0.259259259259259,0.0031385253174570004,1
mp-752755_Na,SbO3,NaSbO3,4.817621269051724,139.0493567609528,693.1572132952572,669.8871385795273,3339.368933567853,0.0,0.22257571249999902,0.051584077500000006,0.0,0.2,0.10329944554876501,1
mp-752972_Na,NaV3O8,Na4V3O8,1.9680135098850582,215.689433978182,765.1309352123674,424.4797200085235,1505.7880173289282,1.118248796363641,0.0,0.09604670209444201,0.08333333333333301,0.266666666666666,0.11692285696601401,2
mp-753049_Na,Ni5O6,NaNi5O6,2.954215496551715,64.98066481620197,385.11638705733026,191.96688697625663,1137.7167986207733,0.0,0.040714679545455004,0.032538302708332,0.0,0.08333333333333301,0.043142291111803004,1
mp-753301_Na,Na2(NiO2)5,Na4(NiO2)5,2.9327465765517253,98.2783079305942,443.6390644179244,288.22537113274643,1301.0809473962781,0.0,0.008296108725491,0.0,0.11764705882352901,0.210526315789473,0.017526944036961003,1
mp-753365_Na,VO2,NaV3O6,1.8385786265517372,98.6034919687237,384.36006332058844,181.29027283706125,706.6761973213062,0.0,0.06011647833333401,0.101843121666655,0.0,0.1,0.083260291999756,1
mp-754549_Na,NaCuO2,Na2CuO2,1.6143534265517232,189.37718711895806,706.7934963073355,305.7217109362169,1141.0145026282203,0.0,0.08640139624999901,0.047826573000001,0.25,0.4,0.091769341762147,1
mp-754584_Na,Na5CuO4,Na6CuO4,0.9746425815517231,100.95396061357707,293.46340347755927,98.39402879028779,286.02192915632344,0.0,0.09336979049999801,0.10188629522726901,0.5,0.5454545454545451,0.043462669459948006,1
mp-754638_Na,Na4Ti3O8,Na5Ti3O8,0.79549412655172,69.33598398161723,249.64316216150874,55.15636801606066,198.58966923327884,0.0,0.082707457200013,0.04411588005028701,0.266666666666666,0.3125,0.002133851394673,1
mp-754800_Na,Ni3O4,NaNi3O4,2.864911666551723,101.88059751613595,573.0766458603897,291.8789124192384,1641.8139685537608,0.0,0.041206718571428005,0.040043627187499,0.0,0.125,0.091634816110641,1
mp-754874_Na,Cr3O8,NaCr3O8,4.337746056551726,87.30884356226281,273.80338911155883,378.7235918642971,1187.6895713891622,0.0,0.046632533090909006,0.029265952916667,0.0,0.08333333333333301,0.006460504664538001,1
mp-755035_Na,Na2Ni2O5,Na3Ni2O5,2.769066956551715,100.62387243276962,436.2706628832031,278.6342401938574,1208.0626767027904,0.0,0.062768743333333,0.041124000833335006,0.22222222222222202,0.30000000000000004,0.038113658591991,1
mp-755611_Na,CrO2,NaCr2O4,3.76590303655173,140.33690224774546,546.2834537735371,528.495166315048,2057.25051738373,0.0,0.191386785833318,0.091304170119044,0.0,0.14285714285714202,0.110284766986716,1
mp-755841_Na,NiO2,Na(NiO2)2,4.03211453655172,131.13927870525015,650.8480782192865,528.7685919803466,2624.2939972747363,0.0,0.212661544027778,0.037003703214285005,0.0,0.14285714285714202,0.18794488865677603,1
mp-756229_Na,SnO2,Na(SnO2)2,2.060051621551725,82.61674574424111,422.3676138659957,170.1947610377505,870.0990878355774,0.0,0.191471521666666,0.08821036776785,0.0,0.14285714285714202,0.138419011084772,1
mp-7564_Na,Nb3Te4,Na(Nb3Te4)2,0.6051655965517181,16.738078724898248,120.05354789314111,10.129309396682666,72.65227692890299,0.0,0.0,0.025875053291663,0.0,0.066666666666666,0.005446964276201001,1
mp-757229_Na,TiO2,Na5Ti16O32,1.716855328551723,96.21427866142379,341.0830771963701,165.18599700262578,585.5902985634067,1.077602352500036,0.090281061249999,0.021623982169812,0.0,0.09433962264150901,0.019889905062623,2
mp-757528_Na,Na10(WO3)13,Na11(WO3)13,2.559243976551783,8.204240205671585,54.669785648540824,20.996652328548965,139.91331962040522,0.0,0.014220208494680002,0.002936644793591,0.16129032258064502,0.174603174603174,0.012860310703211001,1
mp-757603_Na,Na2Ti4O9,Na13Ti24O54,1.537548586551742,11.594128408060843,41.12969324357213,17.826535746113354,63.238901711961084,0.0,0.022471143666603,0.015774238406594,0.133333333333333,0.14285714285714202,0.000128597172435,1
mp-758835_Na,Cu3O4,Na(Cu3O4)2,3.9383305665517163,50.354023105655834,231.20615908660244,198.31078834585574,910.5662835057852,0.0,0.066328173035714,0.008579129416665,0.0,0.066666666666666,0.049479517596053006,1
mp-759090_Na,CrO2,NaCr2O4,7.505594701551718,140.33690224774546,622.0022234475764,1053.3119099428598,4668.496592661518,0.0,0.7513489637499831,0.037030084761902005,0.0,0.14285714285714202,0.056832659845787004,1
mp-759097_Na,VF3,NaVF3,2.128294121551722,204.70634645210808,690.7934286415951,435.6753137983518,1470.211593384466,0.0,0.009434196249999001,0.0,0.0,0.2,0.23678526169079803,1
mp-759333_Na,Na4Ti11O24,Na7Ti11O24,1.9657263565517111,75.04257736913031,263.8971426405739,147.51317219807046,518.7495687072627,0.0,0.11100976153842901,0.022703029404762,0.102564102564102,0.16666666666666602,0.031913200836254,1
mp-759691_Na,FeO2,Na(FeO2)2,5.074529716551718,134.8995169529954,592.9902801449547,684.5516075264476,3009.146798221901,0.0,0.39069396791666605,0.030371274999997002,0.0,0.14285714285714202,0.075707044666196,1
mp-759832_Na,Mn15O32,Na9Mn15O32,3.563120582107277,156.33161218606645,609.6780505237155,557.0283850141863,2172.356410280091,0.0,0.12170371186170201,0.04545125504464,0.0,0.160714285714285,0.17800732711649703,1
mp-759974_Na,Fe5O8,NaFe5O8,3.7315924965517153,62.29860546983345,283.3406903883531,232.47300871686616,1057.3119942209612,0.0,0.18516314096153702,0.115606655,0.0,0.07142857142857101,0.04124797015373401,1
mp-760012_Na,CrO2,NaCr4O8,3.597391406551725,74.66230670076601,306.7515373901743,268.589540518665,1103.5053445539434,0.0,0.066267404999983,0.051100154999994006,0.0,0.07692307692307601,0.009579722151321001,1
mp-760173_Na,V12O29,Na3V24O58,3.771439953218384,36.22587891992509,123.25984720480712,136.62372709905713,464.86711237580295,0.0,0.033319398170734,0.022671482999985,0.0,0.035294117647058004,0.027984707988169003,1
mp-760204_Na,Na5(NiO2)6,Na8(NiO2)9,2.62946972655182,13.398758169599999,62.57186492904374,35.231628980352085,164.5308245648101,0.0,0.005556422717392,0.007795032857141001,0.21739130434782603,0.228571428571428,0.008463377695928,1
mp-760962_Na,MnO2,NaMnO2,2.6926952215517233,243.81248636564382,977.073407884462,656.5127169914138,2630.9608965157486,0.506551629999997,0.015143706666666002,0.014262406250000002,0.0,0.25,0.16320953416081901,2
mp-761084_Na,V9O22,Na5V36O88,3.442116998551731,39.921295009360534,136.72445569979712,137.4137681559183,470.62157308200483,0.0,0.035077552419355,0.036080415620128,0.0,0.03875968992248,0.007230662044820001,1
mp-761085_Na,Mn21O40,Na9Mn21O40,3.038901614329503,120.57152648054058,488.38187129985323,366.40500646388716,1484.1444571023876,0.0,0.043667860430330004,0.032410653089287006,0.0,0.128571428571428,0.13881240436383802,1
mp-764934_Na,NiO2,NaNiO2,3.315068876551723,235.758417232829,1084.6554574716686,781.555391353647,3595.7075488463,1.227310169999995,0.152258794444445,0.012753404375000001,0.0,0.25,0.058566463811250004,2
mp-774174_Na,MnO2,NaMn2O4,3.644337926551724,136.14248801370493,606.2656831079802,496.14923248345843,2209.4370225172015,0.0,0.206437232499999,0.089376621071427,0.0,0.14285714285714202,0.12000136096180501,1
mp-776152_Na,V2O5,NaV2O5,2.7115321290517223,130.82203996985868,324.07655685900573,354.7281645663604,878.7439961956513,0.0,0.0038774446428560005,0.07890227937500001,0.0,0.125,0.37212700191518105,1
mp-777268_Na,BiO2,Na(BiO2)2,2.758700919051723,53.07768752499851,396.4550360600436,146.42546535635356,1093.7008723415263,0.0,0.079097027499999,0.07801133267857101,0.0,0.14285714285714202,0.021447286076876,1
mp-783905_Na,VO2,NaV2O4,2.914199829051721,141.90410728551464,501.4899012352447,413.5369251931839,1461.4417844509148,0.0,0.13710737791666702,0.017389632345249,0.0,0.14285714285714202,0.07132033120431501,1
mp-7937_Na,NbS2,NaNbS2,1.788391416551725,148.8754897694265,610.926861106459,266.2476480385766,1092.5763545436796,0.0,0.0,0.0,0.0,0.25,0.122909864446128,1
mp-799_Na,V3S4,Na(V3S4)2,0.9991518065517261,45.80206698148159,189.89399306187107,45.7632179683505,189.73292622108946,0.0,0.0,0.0,0.0,0.066666666666666,0.006908384947819,1
mp-8222_Na,AgO,NaAgO,1.986622916551724,182.50007661695116,956.0419797919375,362.5588344796806,1899.2949062401433,0.0,0.30869345749999905,0.291835399166662,0.0,0.33333333333333304,0.43129094472497004,1
mp-849436_Na,FeO2,NaFeO2,3.566569301551726,241.8173602047862,1099.7495183028302,862.4583734886667,3922.332871375173,1.9957464250000072,0.319957769166667,0.084067209999999,0.0,0.25,0.201135020633393,2
mp-9173_Na,TiO2,Na5Ti12O24,0.9601701205517261,124.85102548621371,471.1235837421156,119.87822419210454,452.3587881964287,0.0,0.059260387500000004,0.05750501069105501,0.0,0.12195121951219501,0.11182725166666901,1
mp-9227_Na,Ti3Se4,Na(Ti3Se4)2,0.644184976551731,28.455552039585907,147.41497045158656,18.33063912338722,94.96250928372946,0.0,0.0,0.005473091874996,0.0,0.066666666666666,0.010237849755010001,1
mp-9561_Na,VS2,NaVS2,1.484588206551727,194.12744272985213,609.9840668246902,288.1993120447844,905.575151792396,0.0,0.016713893333333,0.023547562499999,0.0,0.25,0.26329523270611904,1
mp-962067_Na,BaNaSn,BaNa2Sn,0.615049896551723,88.74176650441738,349.52980003689345,54.58061430835913,214.97826735443599,0.0,0.285218842816091,0.060151657974138004,0.33333333333333304,0.5,0.115472961227741,1
mp-975275_Na,RbSb,RbNa2Sb,1.097277766551724,211.69592712268894,703.8381383754135,232.28923410128078,772.3059404904974,0.0,0.741350928125,0.013858352083333001,0.0,0.5,0.153715440100506,1
mp-999491_Na,CeSe2,NaCeSe2,1.9035203465517232,83.48700855222476,399.5646154755625,158.91921945189753,760.5793753198486,0.0,0.080798254583333,0.0,0.0,0.25,0.10813103576009502,1
mp-1002568_Na,MgMn2O4,NaMgMn2O4,1.966128981551723,121.18129878290252,515.3670519985898,238.25806355914318,1013.2780970713012,0.0,0.07154973785714201,0.041567667187499005,0.0,0.125,0.07905145160307901,1
mp-1004375_Na,MgMn4O8,Na4MgMn4O8,1.291416084051725,231.0415463593404,829.0970768255723,298.3707690526346,1070.7093002528134,0.0,0.040050920625006,0.17077680470588402,0.0,0.23529411764705802,0.423718879895613,1
mp-1012678_Na,Mo3P3O13,NaMo3P3O13,3.7116985765517,43.81308200077538,162.05599536260104,162.62095409662092,601.5030073090353,0.0,0.038856172631579006,0.004734013291665001,0.0,0.05,0.0008871513041280001,1
mp-1012742_Na,Mn3P3O13,NaMn3P3O13,4.73886272155173,54.840449057907605,182.15514649126862,259.88135967367504,863.2082332462672,0.0,0.039883818421055005,0.00048638324998600006,0.0,0.05,0.02320727606237,1
mp-1012791_Na,V3P3O13,NaV3P3O13,4.8923027715517025,56.21967852411358,176.90301377977354,275.04368905926657,865.463104610635,0.0,0.071252842368416,0.007409504749979001,0.0,0.05,0.009142184755865,1
mp-1013797_Na,Ge3(MoO6)2,Na3Ge3(MoO6)2,3.290833919051724,119.87028261779946,533.8827297178709,394.4731919249708,1756.9193957514938,0.0,0.133314008823526,0.037965084249998005,0.0,0.15,0.052616616801160004,1
mp-1013843_Na,Mo2P2O9,NaMo2P2O9,3.610831509051724,63.68993265960454,229.13017481386814,229.97361565668254,827.3504548924448,0.0,0.030411525576893004,0.0,0.0,0.07142857142857101,0.026038391000006003,1
mp-1013874_Na,Ti3P3O13,NaTi3P3O13,2.085293196551735,57.32884961509454,174.92259976302688,119.54746006849419,364.7649072089821,0.0,0.031923137114041,0.055529403033338004,0.0,0.05,0.003263524128987,1
mp-1040459_Na,Fe3P3O13,NaFe3P3O13,5.136609711551703,54.5368230035197,177.98495828642973,280.1343746770556,914.2392652441997,0.0,0.100417054210525,0.033377490791661,0.0,0.05,0.0019866478008050002,1
mp-1040460_Na,Cr2P2O9,NaCr2P2O9,5.096579091551721,80.50327893458578,258.98211446526744,410.291328219366,1319.9228296695367,0.0,0.073730495000001,0.0018520671428670001,0.0,0.07142857142857101,0.012179265638098001,1
mp-1040954_Na,Mn2P2O9,NaMn2P2O9,4.670379339051724,79.10522321787923,262.52029395226833,369.4514001278579,1226.0693569564594,0.0,0.052275500192309005,0.0,0.0,0.07142857142857101,0.028651339338013,1
mp-1043383_Na,Mn(GeO3)2,NaMn(GeO3)2,3.954146031551719,83.96343139083412,365.1458741474212,332.0036690295318,1443.840109197509,0.0,0.08347535064814901,0.010586401148833,0.0,0.1,0.08426445629366201,1
mp-1044234_Na,Ni2P2O9,NaNi2P2O9,5.167370164051736,77.38964619993756,268.9747159839403,399.90094878007716,1389.8919222597026,0.0,0.22569604403846502,0.128090682857141,0.0,0.07142857142857101,0.041536349589007,1
mp-1044451_Na,PrTi2O6,NaPrTi2O6,4.204540971551726,75.36384864273516,379.68462576467357,316.8703893922029,1596.399565295854,0.0,0.126848863194441,0.009984650975008,0.0,0.1,0.003821643626268,1
mp-1078799_Na,LiNbF6,Na2LiNbF6,0.9325643165517261,206.31018219516292,653.2343680180483,192.3975140564943,609.1830619588502,0.0,0.0,0.18370168925000102,0.0,0.2,0.172491060319847,1
mp-1079436_Na,V(NF3)2,NaV(NF3)2,6.389759226551721,124.11823077955326,293.1165613869202,793.0856103069262,1872.9442525771872,0.0,1.18511686888889,1.047847035,0.0,0.1,0.188305545215806,1
mp-10810_Na,TiAgF6,Na2TiAgF6,2.412688231551723,169.78804740173712,539.0386884398923,409.6456238243172,1300.532299950004,0.0,0.0055660118750000005,0.395014881333334,0.0,0.2,0.35292788835356903,1
mp-1094113_Na,V2P2O9,NaV2P2O9,4.149546079051721,81.0165494051057,255.48307387418805,336.1819049222564,1060.138787458718,0.0,0.035604401346162,0.0,0.0,0.07142857142857101,0.027417805124064002,1
mp-1110703_Na,Rb2MoBr6,Rb2NaMoBr6,2.18916240655172,34.83927143104573,131.25202069441647,76.26882328849665,287.3319894881649,0.0,0.0,0.045588960458332,0.0,0.1,0.095533496877529,1
mp-1111105_Na,K2CoF6,K2NaCoF6,5.137211306551723,97.7763772231208,313.2684975069359,502.2979105842826,1609.3264673791014,0.0,0.0,0.0,0.0,0.1,0.029798572074638003,1
mp-1111822_Na,Cs2MoBr6,Cs2NaMoBr6,2.240447146551727,31.01432166839195,127.08738591124988,69.48594848418614,284.73257112757796,0.0,0.0,0.028755467999999004,0.0,0.1,0.028345541647047,1
mp-1206176_Na,Rb2CuF6,Rb2NaCuF6,5.269202846551725,72.15138131713087,287.358164492838,380.1802638188649,1514.1484583255408,0.0,0.0,0.0,0.0,0.1,0.039156164853138005,1
mp-1206768_Na,Rb2VCl6,Rb2NaVCl6,2.675843536551728,58.57160702786228,161.55777623469706,156.72845609095305,432.30333131728446,0.0,0.0,0.0,0.0,0.1,0.045793295700656,1
mp-1210001_Na,Ti4(CuO4)3,NaTi4(CuO4)3,3.405811466551714,44.88694395486836,216.98745367133523,152.87646841995482,739.0183578116925,0.0,0.058280311381574,0.041996876749981,0.0,0.05,0.012794920752195,1
mp-1210050_Na,V4(CuO4)3,NaV4(CuO4)3,2.9726397965517073,43.98108277481447,225.04229828801073,130.73991695184827,668.9696917984008,0.0,0.06985853499998801,0.077603630500001,0.0,0.05,0.022936280506443002,1
mp-1217845_Na,TaWO7,NaTaWO7,4.762122656551728,53.6272608798557,306.36910899162217,255.37959404477098,1458.9672751965697,0.0,0.353515470694445,0.20883215937499403,0.0,0.1,0.0022793692541110003,1
mp-1219467_Na,SbWO7,NaSbWO7,5.208760591551719,60.83150019907045,311.6187574632528,316.8567209618887,1623.1475034629043,0.0,0.364055339583333,0.225297627124999,0.0,0.1,0.012700832729221002,1
mp-1219754_Na,PrNb4O12,NaPrNb4O12,3.386346986551732,36.83972689290337,174.1890166518433,124.75209814917214,589.8644516293791,0.0,0.073191964957977,0.08454115638889001,0.0,0.055555555555555004,0.022871365793829,1
mp-1220017_Na,NdNb4O12,NaNdNb4O12,3.371531496551714,36.67165337801009,175.50157494190827,123.6396343945881,591.7090876110749,0.0,0.077044856134447,0.08900308083333201,0.0,0.055555555555555004,0.022351845397891,1
mp-1220547_Na,NbWO7,NaNbWO7,4.744879521551713,65.09448973350726,303.45073418184967,308.86551130237683,1439.837174419291,0.0,0.36745185474206404,0.21700683712500002,0.0,0.1,0.006853496729295001,1
mp-1220753_Na,NaHf6(NCl)6,NaHf3(NCl)3,2.079799786551721,18.958692221230283,125.99896066347884,39.430284035014516,262.05261149364196,0.0,0.15655285973683702,0.11947953299999602,0.052631578947368,0.1,0.043580962534045004,1
mp-1355355_Na,CoP2O7,Na2CoP2O7,2.311103249051722,192.22448585035426,594.6978201049445,444.2506337960506,1374.4080642485142,0.0,2.579178961750006,2.455880362604155,0.0,0.16666666666666602,0.048271402693302004,1
mp-1390795_Na,MgMn4O8,NaMgMn4O8,2.445934506551726,67.84461150338517,272.779940401292,165.94347635972596,667.2018689226434,0.0,0.05697976370193,0.08200068839285701,0.0,0.07142857142857101,0.06420092221642401,1
mp-16381_Na,Mn6P7O24,NaMn6P7O24,3.74722532655176,28.110887013579315,95.21962744243122,105.33782776911939,356.8093995371013,0.0,0.003451735405356,0.0,0.0,0.026315789473684,0.022134280904756002,1
mp-17142_Na,CrP2O7,NaCrP2O7,4.6227713115517055,107.6670871431986,338.2652160924022,497.72032164391595,1563.7227366477953,0.0,0.026424071750008,0.0,0.0,0.09090909090909001,0.032443744631898,1
mp-17242_Na,Nb2(PO4)3,NaNb4(PO4)6,1.630641366551746,27.78958251196314,87.4853693265837,45.314842803210084,142.65726219198467,0.0,0.0,0.013358770224463001,0.0,0.028571428571428,0.003148608329688,1
mp-17461_Na,TiP2O7,NaTiP2O7,1.773142271551723,109.48313289533192,323.5827372063427,194.1291709586281,573.758229684979,0.0,0.012465106999984,0.058843178757578,0.0,0.09090909090909001,0.037647887302018006,1
mp-17479_Na,VP2O7,NaVP2O7,3.607397424051729,108.12516438539889,327.56479151377545,390.05043947905773,1181.6563851168353,0.0,0.004769900000001001,0.0007594765909100001,0.0,0.09090909090909001,0.04525679131909301,1
mp-17876_Na,MnAsO4,NaMnAsO4,3.412239079051719,123.59626547938969,479.1636017938636,421.74000709362446,1635.020767300198,0.0,0.031322605,0.0,0.0,0.14285714285714202,0.158095791572673,1
mp-17967_Na,MnPO4,NaMnPO4,3.297377866551716,155.01219683059955,535.1125055301834,511.1337868747771,1764.4681318502599,0.0,0.0,0.010553695357143001,0.0,0.14285714285714202,0.205881717513334,1
mp-18245_Na,CoPO4,NaCoPO4,4.456061781551721,151.51125369018754,568.3442253303157,675.1435070438318,2532.5769812600392,0.0,0.134925155416667,0.033829095714286,0.0,0.14285714285714202,0.14958380567298601,1
mp-18435_Na,MoP2O7,NaMoP2O7,3.185216206551719,91.51226848872885,306.59691182668047,291.4863606886113,976.577452429051,0.0,0.0032373219999980002,0.0,0.0,0.09090909090909001,0.028667360470238,1
mp-18493_Na,Fe2(PO4)3,Na4Fe2(PO4)3,3.956551765301722,219.4310432592394,700.5856768559169,868.1902815693422,2771.9034965093797,2.288566198333332,0.096099300980394,0.018703343928559,0.0,0.19047619047619002,0.036937405438655,2
mp-18774_Na,FeP2O7,NaFeP2O7,4.957626966551718,106.02770516065303,331.2202176000085,525.6458103060482,1642.06628264093,0.0,0.053583120666674006,0.0015620809090840001,0.0,0.09090909090909001,0.013703893453999002,1
mp-19000_Na,VPO5,NaVPO5,3.419470574051725,144.9496306764634,418.30250152442824,495.650996817832,1430.3730950150095,0.0,0.0146845775,0.030552756249999,0.0,0.125,0.168405659897193,1
mp-19226_Na,FePO4,NaFePO4,3.072423191551724,154.2033123226646,551.7892419612288,473.77783299424846,1695.330063850425,0.0,0.029870462083334003,0.0,0.0,0.14285714285714202,0.169555702732158,1
mp-19287_Na,V(SiO3)2,NaV(SiO3)2,3.032066876551727,118.538871682491,397.87174289457397,359.41778641229655,1206.3737327465428,0.0,0.067616735277782,0.0,0.0,0.1,0.051879685586197,1
mp-19291_Na,VPO5,NaVPO5,3.600908689051717,144.9496306764634,485.01800760910527,521.9503845777144,1746.5055579461791,0.0,0.0056868725000000005,0.0,0.0,0.125,0.028865546752802004,1
mp-19349_Na,Mn(SiO3)2,NaMn(SiO3)2,3.820904876551725,116.47995908663056,401.6663897147116,445.0588436946522,1534.7290672078675,0.0,0.10941779416666701,0.007697367718746,0.0,0.1,0.09005574350711301,1
mp-19367_Na,Cr(SiO3)2,NaCr(SiO3)2,4.195462576551723,117.98853360251267,404.56426511546783,495.0164771915573,1697.334234102095,0.0,0.10932440555554501,0.0,0.0,0.1,0.044874089842316,1
mp-19470_Na,Ni7(PO4)6,Na4Ni7(PO4)6,4.37764028905173,99.94575973892462,374.26744502370525,437.5265845530007,1638.4082462162253,0.0,0.059097808108106005,0.008354526829271,0.0,0.097560975609756,0.000745124247177,1
mp-19482_Na,NaV(PO4)2,Na2V(PO4)2,3.8704488865517312,93.4293021404477,265.9051977545223,361.6133384408011,1029.1724765773088,0.0,0.031631231875004,0.005402036730727,0.08333333333333301,0.15384615384615302,0.032723501127793,1
mp-19859_Na,CuMoF6,Na2CuMoF6,2.397595106551723,167.7945300084166,589.8112086070414,402.30334405432586,1414.1284675456,0.0,0.0,0.18052795975000002,0.0,0.2,0.372312917996294,1
mp-20135_Na,NaCa2Ta3O10,Na2Ca2Ta3O10,0.34270918655173305,32.330938851267106,194.8046615628171,11.08010975417159,66.7613471006788,0.0,0.04640013845983,0.061710925303923005,0.0625,0.11764705882352901,0.0014684690164840002,1
mp-20361_Na,FePO4,NaFePO4,3.003711521551725,154.2033123226646,532.9640267797153,463.1822658850268,1600.870187810833,0.0,0.024104718749999,0.004873887142856,0.0,0.14285714285714202,0.177703947138865,1
mp-21213_Na,Cr(GeO3)2,NaCr(GeO3)2,4.347084786551722,84.74447870869932,371.3801822120125,368.3914341388431,1614.4211401206462,0.0,0.09468767537036,0.0,0.0,0.1,0.036350359127551,1
mp-21855_Na,VCu3Se4,NaVCu3Se4,0.537626946551722,46.17686615965185,219.24524323921196,24.825927554741167,117.87215066868711,0.0,0.0,0.071465410833333,0.0,0.11111111111111101,0.125143336374269,1
mp-21867_Na,Fe(SiO3)2,NaFe(SiO3)2,4.70268335155173,116.02263835400416,398.3306047626729,545.6177297904826,1873.2227034309544,0.0,0.14001112472222002,0.0,0.0,0.1,0.031069756395204002,1
mp-21966_Na,Ni4(PO4)3,NaNi4(PO4)3,4.56608707905173,49.38749690925596,187.5047765073038,225.5076115040609,856.1631372704823,0.0,0.051322082105257,0.016282597249995,0.0,0.05,0.008492630788864001,1
mp-2219156_Na,MgMn4O8,Na2MgMn4O8,3.827439061551718,128.22696045645176,405.5868633224342,490.78087719507107,1552.3590035325228,0.0,0.516739628317314,0.286214722333333,0.0,0.133333333333333,0.007685542946047,1
mp-2228929_Na,Na2Mg(NiO2)5,Na4Mg(NiO2)5,2.725941631551723,94.08566419736076,445.18780559387756,256.47202896778117,1213.5559731275061,0.0,0.06974239555554801,0.070518095500005,0.11111111111111101,0.2,0.05342392855887101,1
mp-22614_Na,Fe(GeO3)2,NaFe(GeO3)2,4.856140101551727,83.72554199107229,362.85481864670885,406.5829619869992,1762.073835871562,0.0,0.12337094842592401,0.0,0.0,0.1,0.025502870259686002,1
mp-23621_Na,Bi(PO3)4,NaBi(PO3)4,5.3558950265517105,48.920487243077346,183.58621613894343,262.01299432168435,983.2685019620145,0.0,0.041169870441217005,0.0,0.0,0.055555555555555004,0.006335109714154001,1
mp-25205_Na,Cu5(Si2O7)2,Na2Cu5(Si2O7)2,3.7364573565517283,76.57094161509809,286.937745008115,286.10405809582613,1072.130648207935,0.0,0.115228573315218,0.052561995700004006,0.0,0.08,0.079784080789216,1
mp-25237_Na,Mn(PO3)3,NaMn(PO3)3,3.951715941551714,85.12630591473967,253.05754593872723,336.3949801286848,1000.0115384160238,0.0,0.010715820064102,0.005075775357141,0.0,0.07142857142857101,0.10013221101446101,1
mp-25246_Na,FeP2O7,NaFeP2O7,6.166819841551717,106.02770516065303,320.7735797353703,653.8537559389105,1978.1528761576533,0.0,0.17278411916667302,0.0,0.0,0.09090909090909001,0.005938638148701001,1
mp-25265_Na,VPO5,NaVPO5,3.337510494051724,144.9496306764634,470.1085959460307,483.77091349161833,1568.992372313799,0.0,0.0,0.027948760937499,0.0,0.125,0.07368122689831401,1
mp-25269_Na,Ni2P3O10,NaNi2P3O10,4.774255881551728,68.1465450798183,248.14769167132349,325.34904365475245,1184.720576455301,0.0,0.054455641500001005,0.005979706523437001,0.0,0.0625,0.045298644705215003,1
mp-25270_Na,Co2P3O10,NaCo2P3O10,4.302846381551721,68.06354667567655,241.11121322822564,292.86698552901146,1037.464511390616,0.0,0.019505724666666002,0.009340401718745001,0.0,0.0625,0.047130081865473,1
mp-25294_Na,VP2O7,NaVP2O7,3.586303236551732,108.12516438539889,317.24722378284827,387.7696269880441,1137.7447454394803,0.0,0.0018250570000010002,0.0,0.0,0.09090909090909001,0.069555959226515,1
mp-25303_Na,FePO4,NaFePO4,3.014129111551721,154.2033123226646,551.5991289518571,464.7886927694456,1662.5909924803643,0.0,0.026914668333333003,0.005794188214284001,0.0,0.14285714285714202,0.196725160268021,1
mp-25304_Na,NiPO4,NaNiPO4,4.420447996551726,151.71691861604813,583.5207993201111,670.6567489393112,2579.423348300847,0.0,0.120949799166675,0.031695751785713,0.0,0.14285714285714202,0.23676253408858502,1
mp-25310_Na,Fe(PO3)3,NaFe(PO3)3,3.273735689051709,84.88179104995677,258.15838626591966,277.8805487108734,845.1423225467377,0.0,0.015117229102563001,0.009662491607141001,0.0,0.07142857142857101,0.081538243017999,1
mp-25359_Na,Mo3P3O16,NaMo3P3O16,4.099200366551717,40.62545022730656,140.38521052141985,166.53186046310356,575.4671064278442,0.0,0.01828594,0.0,0.0,0.043478260869565,0.008132896886684001,1
mp-25992_Na,Ni3(P2O7)2,Na2Ni3(P2O7)2,4.59850816155171,94.04913085642455,330.19333768581606,432.48569583011306,1518.396758238225,0.0,0.06039561583333201,0.007716727663040001,0.0,0.08695652173913,0.062252860454384,1
mp-26048_Na,Mo2(PO4)3,NaMo2(PO4)3,3.008921911551742,53.626144306619445,176.10250031145765,161.35688063622294,529.8786718661923,0.0,0.0,0.007146244722207,0.0,0.055555555555555004,0.016526202005504,1
mp-26104_Na,V2(PO4)3,Na3V2(PO4)3,3.348916998218388,176.415910700775,536.8537745706377,590.8022421020027,1797.8787312173115,0.0,0.014576926617646,0.0,0.0,0.15,0.118606396177811,1
mp-26124_Na,V2(PO4)3,Na3V2(PO4)3,3.125016097385055,176.415910700775,525.9763531119895,551.3025607747662,1643.6845703188533,0.5701748200000051,0.016242477352941,0.035000853250026005,0.0,0.15,0.168666455411796,3
mp-26194_Na,Mo2P3O13,NaMo2P3O13,3.91118607405173,51.96268174858514,170.6078061347287,203.2357172254482,667.2788754786682,0.0,0.009237340555555001,0.0,0.0,0.052631578947368,0.01029582987395,1
mp-26304_Na,Cu9(PO4)8,Na6Cu9(PO4)8,4.016838964885053,109.42182510972125,406.0463823708856,439.529850709566,1631.0229302579885,0.0,0.013042322500012,0.0036292607272780004,0.0,0.109090909090909,0.070111260876353,1
mp-26314_Na,Ni5(P3O11)2,Na4Ni5(P3O11)2,4.733145381551726,116.11729417209374,407.1926256165076,549.6000346289286,1927.3018953386938,0.0,0.08243015977272701,0.0,0.0,0.108108108108108,0.078125283189119,1
mp-26316_Na,Cr2(PO4)3,Na3Cr2(PO4)3,4.291304676551717,175.60325231964254,546.7292190614327,753.5670578969732,2346.1816545657944,0.0,0.061561507205885005,0.0,0.0,0.15,0.08759404019012601,1
mp-26412_Na,Fe2(PO4)3,Na3Fe2(PO4)3,4.315440844051721,172.69982456025753,526.3307339881011,745.2758766679018,2271.3491469319724,0.0,0.102638374803923,0.040117358125006004,0.0,0.15,0.09448903200368701,1
mp-26500_Na,Cr2(PO4)3,Na7Cr4(PO4)6,3.702667313694579,199.85318274074345,606.2040788752444,739.9898472719805,2244.572028279698,0.0,0.062883002352944,0.037110231944857006,0.0,0.17073170731707302,0.16216807210559903,1
mp-26600_Na,Mo(PO4)2,NaMo(PO4)2,4.090156524051739,86.77199080031944,262.69489757511536,354.91102427688406,1074.4632491519615,0.0,0.014981788409095002,0.011596301354175002,0.0,0.08333333333333301,0.022895756354055,1
mp-26646_Na,CoP2O7,Na2CoP2O7,4.392705956551719,192.22448585035426,594.697864623593,844.3856439899428,2612.3328522806446,0.0,0.08033857925000501,0.026579592604154004,0.0,0.16666666666666602,0.048271376324257,1
mp-26980_Na,MnPO4,NaMnPO4,3.387073626551728,155.01219683059955,515.2337385917522,525.0377236787692,1745.1346074937715,0.0,0.0026366487500020003,0.0,0.0,0.14285714285714202,0.17384450933898402,1
mp-27102_Na,Fe4P9O32,Na7Fe4P9O32,5.024058592266007,159.66119073650506,470.7579371560492,802.14717717116,2365.1154590462697,0.0,0.13394290329630001,0.005163958509628,0.0,0.134615384615384,0.030861378610083003,1
mp-27826_Na,K2MoCl6,K2NaMoCl6,2.331529446551723,65.39428903817266,159.36052709744084,152.4687105288141,371.55376154568717,0.0,0.0,0.034184043499999005,0.0,0.1,0.105981700752469,1
mp-28269_Na,Cs2SbBr6,Cs2NaSbBr6,2.658470926551722,30.11454236915238,115.43483233287674,80.05863535480162,306.8801456683255,0.0,0.0,0.0130720555,0.0,0.1,0.078915956344642,1
mp-29318_Na,PW3O11,NaP4(W3O11)4,2.6762645265516802,8.76742592976776,50.442988591628755,23.463951005006837,134.99878098102712,0.0,0.010735109499982002,0.006163222748247,0.0,0.016393442622950002,0.014267833826318,1
mp-31363_Na,K2TaCl6,K2NaTaCl6,0.8523509965517241,54.16057254333895,158.31715634278405,46.16381798112692,134.94178598000713,0.0,0.025633762569444003,0.14977454512500202,0.0,0.1,0.08719412441237101,1
mp-31829_Na,Fe3(PO4)4,Na3Fe3(PO4)4,4.975958633218391,130.44415919359105,387.68981789769236,649.0847400922635,1929.1284963788883,0.0,0.11357956528985601,0.0,0.0,0.115384615384615,0.010094574705725001,1
mp-32113_Na,Mo2P3O13,NaMo2P3O13,3.877630971551728,51.96268174858514,168.05351480389305,201.49210411319945,651.6495138817025,0.0,0.012988344861112002,0.0053196410526600004,0.0,0.052631578947368,0.011378340836238001,1
mp-37153_Na,AgAsF6,Na2AgAsF6,2.3646451365517223,156.38639331826263,515.7775368981884,369.79832438289446,1219.6308441689275,0.0,0.0,0.21838828445833203,0.0,0.2,0.143001846170971,1
mp-3980_Na,LiSbF6,Na2LiSbF6,2.308889746551724,185.6887949749801,599.4786796730883,428.7349547672769,1384.1301767735592,0.0,0.0,0.180381917,0.0,0.2,0.313321625341692,1
mp-504098_Na,CoPO4,NaCoPO4,3.877459321551722,151.51125369018754,550.3854875532244,587.4787229410055,2134.097339160039,0.0,0.086211365416667,0.074731912857143,0.0,0.14285714285714202,0.17018774261670902,1
mp-504165_Na,NiPO4,NaNiPO4,4.375457411551725,151.71691861604813,564.1668778943091,663.8309160163777,2468.488147234652,0.0,0.10722338250000801,0.026357478214285003,0.0,0.14285714285714202,0.14876111906167902,1
mp-504265_Na,CuPO4,NaCuPO4,3.827826506551719,147.6607610751055,555.4653606055172,565.2197752208892,2126.225030797108,0.0,0.005488272083333001,0.027282932857144,0.0,0.14285714285714202,0.119355330983493,1
mp-504406_Na,Cr4P9O32,Na7Cr4P9O32,4.836489255123154,161.78085102327796,475.53272467292663,782.4513476587636,2299.9089133400466,0.0,0.10872922038888601,0.0,0.0,0.134615384615384,0.07170979733688501,1
mp-510351_Na,Fe7(PO4)6,NaFe7(PO4)6,2.751346386551748,27.244671821694524,102.55962076170026,74.95952936940748,282.1770419888217,0.0,0.0007861901351210001,0.009574734649115001,0.0,0.026315789473684,0.013295017242756,1
mp-540093_Na,CoPO4,NaCoPO4,3.960957919051726,151.51125369018754,443.2614753675713,600.1297001296034,1755.740051067733,0.0,0.012940566666667002,0.0,0.0,0.14285714285714202,0.024417398488017,1
mp-540496_Na,Cu(PO3)3,NaCu(PO3)3,4.73160593155173,82.86085635320941,259.37509292611736,392.0649194143015,1227.260728185998,0.0,0.012643613750013001,0.011525100178553,0.0,0.07142857142857101,0.06994219138278701,1
mp-540735_Na,Cs2UBr6,Cs2NaUBr6,1.146542039051727,26.634917476098167,111.51684924397205,30.538052593020087,127.85875572080782,0.0,0.0,0.015619666,0.0,0.1,0.066434180103435,1
mp-553997_Na,Mn(PO3)5,Na2Mn(PO3)5,5.518748891551727,108.11901265974251,281.5638552065249,596.6816812716211,1553.8802138220403,0.0,0.067134472301587,0.0,0.0,0.08695652173913,0.032649624134923005,1
mp-554252_Na,K2CrF6,K2NaCrF6,5.256506976551723,100.3151229072788,297.03339076522775,527.3071434157546,1561.3580908262338,0.0,0.0,0.0,0.0,0.1,0.035666679242374,1
mp-554302_Na,Cs2MnF6,Cs2NaMnF6,3.040560616551719,58.553146309689716,252.92749663309647,178.0343906444332,769.0413851056106,0.0,0.0,0.046311406000014,0.0,0.1,0.088332356025818,1
mp-556353_Na,Rb2NiF6,Rb2NaNiF6,4.578058656551722,73.10640864318114,287.95320169319615,334.685426938323,1318.2666476933205,0.0,0.0,0.003064035500004,0.0,0.1,0.027058084263794004,1
mp-556692_Na,NaFe3(PO4)3,Na2Fe3(PO4)3,3.751246721551734,53.771954146942406,195.66668442466136,201.71186670514786,733.9940084649087,0.0,0.05501050982455401,0.009357669208315001,0.052631578947368,0.1,0.039539820351895,1
mp-556757_Na,K2NiF6,K2NaNiF6,4.676244266551723,97.86198817079767,306.5232080444695,457.6265610970452,1433.3773941829918,0.0,0.0,0.004150783000002,0.0,0.1,0.038151738623440005,1
mp-556822_Na,NaCuP2O7,Na2CuP2O7,4.17689376405173,94.54823680922271,281.22521564141505,394.9179407305286,1174.6478495067295,0.0,0.017396540909091002,0.008205520625,0.09090909090909001,0.16666666666666602,0.039693862506569005,1
mp-557171_Na,NaCu(PO3)4,Na2Cu(PO3)4,4.838523791551726,63.001029098043745,175.92412834744405,304.8319781831272,851.2130805171074,0.0,0.006107413125007,0.0,0.055555555555555004,0.105263157894736,0.022755897452228002,1
mp-557397_Na,K2MnF6,K2NaMnF6,3.855023356551729,99.222544723181,294.933740276492,382.50522740436134,1136.9764574010383,0.0,0.0,0.0,0.0,0.1,0.030635571576359003,1
mp-557716_Na,Ni(PO3)3,NaNi(PO3)3,5.285876136551725,84.12291468287461,237.55120341611638,444.6633072593836,1255.6662373463942,0.0,0.058861207115397,0.0,0.0,0.07142857142857101,0.029256726094191002,1
mp-558048_Na,V(GeO3)2,NaV(GeO3)2,3.156789026551724,85.02801091922686,364.0328350490632,268.41549181933556,1149.1748589873966,0.0,0.046880893703709,0.0,0.0,0.1,0.031406061982007,1
mp-558049_Na,NaV3P2O13,Na2V3P2O13,3.693653609051726,57.177253941450054,164.6726625778062,211.192970376504,608.2437744426709,0.0,0.0,0.0,0.052631578947368,0.1,0.033418554319772004,1
mp-558050_Na,Rb2MnF6,Rb2NaMnF6,3.765955136551728,73.86302326840693,276.9106704337604,278.1648318788969,1042.8331616860028,0.0,0.0,0.0,0.0,0.1,0.026796367130348,1
mp-559281_Na,Cr2(PS4)3,Na3Cr2(PS4)3,3.119356584885057,123.57313834032347,270.34370099048147,385.4686827968002,843.2984038668554,0.0,0.10279629097058701,0.0,0.0,0.15,0.004930372780976001,1
mp-559563_Na,Rb2CoF6,Rb2NaCoF6,4.910117116551735,73.05862180977002,293.3848669342516,358.72638945983164,1440.554056871122,0.0,0.0,0.0,0.0,0.1,0.09526012388588201,1
mp-560506_Na,TiP2O7,NaTiP2O7,1.620052679051714,109.48313289533192,315.7446235020144,177.3684427580573,511.5229232006132,0.0,0.0,0.061428498984851004,0.0,0.09090909090909001,0.035678057430756,1
mp-560562_Na,Rb2CrF6,Rb2NaCrF6,4.498360276551725,74.46678479711632,280.6733337442105,334.978426653874,1262.5697752023013,0.0,0.0,0.0,0.0,0.1,0.045265140264845,1
mp-560624_Na,Na3Bi(P2O7)2,Na5Bi(P2O7)2,4.666740184051722,79.78817223221652,280.2025370700465,372.35066956812466,1307.6324394180283,0.0,0.083616888977269,0.0027573247916670004,0.13636363636363602,0.208333333333333,0.0033844753889110003,1
mp-560671_Na,Rb2VF6,Rb2NaVF6,4.005764786551726,74.68562575079928,276.79064002428447,299.17304969413254,1108.7581990563936,0.0,0.0,0.0,0.0,0.1,0.016347304551869002,1
mp-560780_Na,Ni3P4O15,Na4Ni3P4O15,5.320454675301722,169.6496727063401,565.8337750791407,902.6133943138542,3010.4929540634366,0.0,0.24401676715908402,0.0,0.0,0.15384615384615302,0.028660758743234004,1
mp-562436_Na,CoPO4,NaCoPO4,4.285361037801724,151.51125369018754,543.6815480200909,649.2804233524224,2329.8717228570245,0.0,0.101575182916667,0.029629225535714003,0.0,0.14285714285714202,0.032444458257653006,1
mp-562546_Na,Co3P4O15,Na4Co3P4O15,4.738210525926728,169.45676280312333,556.1056372502809,802.9218172032279,2634.9455839464717,0.0,0.170363742272735,0.033183480625006,0.0,0.15384615384615302,0.07264341800046101,1
mp-569885_Na,Cs2TaCl6,Cs2NaTaCl6,0.8984755465517261,39.27149400129235,148.74850684496425,35.28447703671399,133.64689598628246,0.0,0.0,0.094373184583335,0.0,0.1,0.021850209935507,1
mp-570990_Na,Cs2MoCl6,Cs2NaMoCl6,2.404134966551726,44.85913813452191,149.08973029771076,107.84742255857813,358.43183376249283,0.0,0.0,0.006399425750006,0.0,0.1,0.00041630913134100005,1
mp-584094_Na,MnP2O7,NaMnP2O7,4.993953421551726,106.4094970483249,338.54364661429804,531.4040718700804,1690.6712023540722,0.0,0.101957621249999,0.004112530227276001,0.0,0.09090909090909001,0.050200433153803,1
mp-585266_Na,MnP2O7,Na2MnP2O7,4.05877872905172,195.018501417946,566.7983177459186,791.536945326702,2300.5089557294327,0.0,0.072622637499999,0.000365394166674,0.0,0.16666666666666602,0.12310117866297601,1
mp-6226_Na,Sn4(PO4)3,NaSn4(PO4)3,4.348646971551719,34.240423562030486,127.47590631571633,148.899514227672,554.3477139456505,0.0,0.088842810855254,0.0,0.0,0.05,0.015369858783492,1
mp-6465_Na,Ti(SiO3)2,NaTi(SiO3)2,1.283247486551733,120.17298946517072,397.5247375352412,154.2116866825883,510.12262028423584,0.0,0.03947997,0.011605395031242001,0.0,0.1,0.031140861135458,1
mp-6467_Na,NaCuP2O7,Na2CuP2O7,4.083998061551728,94.54823680922271,278.43992585165483,386.13481585199935,1137.1481174367652,0.0,0.0,0.0,0.09090909090909001,0.16666666666666602,0.029615707794994003,1
mp-6496_Na,Ba2(CuO2)3,Ba2Na(CuO2)3,2.459639041551728,45.87109797100768,248.63259109029897,112.82634344833474,611.5464280478657,0.0,0.058274485909092004,0.0,0.0,0.08333333333333301,0.025767618930216,1
mp-6761_Na,Ti2(PO4)3,Na3Ti2(PO4)3,2.306019463218399,178.82858745608107,514.1631548909689,412.38220325357656,1185.6702424483506,3.913869769999991,0.013037193112749002,0.057148416293324004,0.0,0.15,0.11736521599758701,2
mp-683773_Na,CoPO4,NaCoPO4,3.762495864468388,151.51125369018754,485.96047767018075,570.0604654297514,1828.4242875291375,0.0,0.024707508194445,0.038437671964286005,0.0,0.14285714285714202,0.050194594412819,1
mp-689925_Na,Cs2NiF6,Cs2NaNiF6,4.227831216551717,58.07666691669115,262.9824904928983,245.53834534366322,1111.8455827123905,0.0,0.0,0.028489873999999003,0.0,0.1,0.095016872957406,1
mp-697730_Na,Mn3(PO4)4,Na6Mn3(PO4)4,3.469875774885057,235.5697164078063,716.5236031397538,817.3976522599902,2486.247892667987,0.0,0.094573069673917,0.085801139051721,0.0,0.206896551724137,0.14024297968184002,1
mp-705395_Na,Fe3P4O15,Na4Fe3P4O15,2.399544355926725,171.97520463267662,540.429325374118,412.6621316356828,1296.7841374787524,0.0,0.08493657473485601,0.19394644211538903,0.0,0.15384615384615302,0.094957735850937,1
mp-705562_Na,Mo4P5O24,Na3Mo4P5O24,3.616627704885051,81.08689361220995,268.76610806000286,293.26110594098515,972.0269525439357,0.0,0.0070572862878800005,0.0,0.0,0.08333333333333301,0.009389674813241001,1
mp-752752_Na,LiMnF6,Na2LiMnF6,4.931043946551725,241.61912663054147,732.084580551119,1191.4345317426462,3609.9412392904537,0.0,0.0,0.10461474675000501,0.0,0.2,0.21145854604209602,1
mp-753211_Na,FeCuS2,NaFeCuS2,1.727397416551724,129.78248659286524,503.04769197989367,224.18593205417426,868.9632835283761,0.0,0.170007523749999,0.08891478285713801,0.0,0.2,0.12795357728199602,1
mp-753571_Na,LiVF6,Na2LiVF6,3.2144916515517252,246.0516757161408,730.2817164906055,790.931057439847,2347.484480939915,0.0,0.0,0.137307851999993,0.0,0.2,0.092759160800778,1
mp-759981_Na,Cu(PO3)3,NaCu(PO3)3,5.158361739051731,82.86085635320941,239.320995079274,427.426271077457,1234.5042643687148,0.0,0.053529774326936,0.019008263035695,0.0,0.07142857142857101,0.038034457613260006,1
mp-760263_Na,Fe7(PO4)8,Na8Fe7(PO4)8,3.417543051551721,160.65577586427503,536.2430291135925,549.0480304966038,1832.6336380902053,0.0,0.09030250535461201,0.061339868318195004,0.0,0.145454545454545,0.114182437857771,1
mp-761068_Na,NaTi2(PO4)3,Na11Ti8(PO4)12,1.236566780837445,105.66741867470942,306.34436337539046,130.664819749988,378.81526324680317,0.0,0.038268204305556004,0.064677288994089,0.055555555555555004,0.139240506329113,0.08279904164713,1
mp-768444_Na,MnPO4,Na2Mn3(PO4)3,3.6729767515517153,108.13420055862515,378.20080190047395,397.17440469946064,1389.1227527986564,0.0,0.024829921666668003,0.0,0.0,0.1,0.078330807825624,1
mp-866668_Na,Rb2SbBr6,Rb2NaSbBr6,2.557676156551721,33.70791765368529,118.20348822751568,86.21393726983973,302.326243460759,0.0,0.0,0.031378415750005,0.0,0.1,0.12767288987434902,1
mp-989514_Na,Cs2SbCl6,Cs2NaSbCl6,3.135656256551723,43.00079932612073,135.22860146626928,134.83572544367559,424.03041025244676,0.0,0.0,0.0013206169999990002,0.0,0.1,0.06474629238037001,1
mp-989545_Na,Rb2SbCl6,Rb2NaSbCl6,3.043628696551717,50.721631812990644,139.44902812093588,154.37781412194886,424.4310636951279,0.0,0.0,0.0,0.0,0.1,0.107720256273356,1
mp-1173809_Na,Na5Mg4Fe8(PO4)12,Na2MgFe2(PO4)3,2.650199029885057,43.05333178328426,147.93169417878758,114.09989812537945,392.0484324018759,0.0,0.006410799025974001,0.012871735541656002,0.064935064935064,0.1,0.015586605020234002,1
mp-1176385_Na,Na2MnPCO7,Na5Mn2P2(CO7)2,3.099622796551703,50.116323516569366,139.6008599135883,155.34169885131863,432.71000780637905,0.0,0.010254088333333002,0.0043961240000140005,0.16666666666666602,0.2,0.019715041193803,1
mp-1176405_Na,Na2FePCO7,Na5Fe2P2(CO7)2,2.774276836551738,49.94691127830643,141.91437548089007,138.5665590167103,393.7097646703393,0.0,0.014396732708333,0.0054599469999860005,0.16666666666666602,0.2,0.027757010938259004,1
mp-1210177_Na,Mn3Ag(PO4)3,NaMn3Ag(PO4)3,4.169085676551706,46.162794765129206,187.7947913058404,192.45664644489625,782.9325745641961,0.0,0.036993177368408,0.0,0.0,0.05,0.037967644111603006,1
mp-1220811_Na,ZrNb(PO4)3,NaZrNb(PO4)3,1.6818045948850262,54.47076488511429,170.50377537873695,91.60918267068716,286.7540328772042,0.0,0.0,0.018076477083333,0.0,0.055555555555555004,0.001077454856309,1
mp-16553_Na,Ca9Mn(PO4)7,NaCa9Mn(PO4)7,4.632047936551718,24.289258924589433,74.89907443039084,112.50901168201489,346.93610316492544,0.0,0.019003265567122,0.0,0.0,0.021739130434782,0.00638725597874,1
mp-19261_Na,NaMnPCO7,Na3MnPCO7,3.369558361551721,192.20273485963236,550.8896717030184,647.6383323593827,1856.2548995793884,0.8122611700000131,0.0,0.0,0.09090909090909001,0.23076923076923,0.073265602924694,2
mp-21590_Na,Na2Fe2C4SO16,Na6Fe2C4SO16,3.904088337801721,183.03058987831173,506.1406198119334,714.5675914048866,1976.0176910955038,1.178834767499992,0.08343677840000101,0.0,0.08,0.206896551724137,0.034428311613011,2
mp-22135_Na,NaFePCO7,Na3FePCO7,3.443899664051723,191.5797090750565,561.990676161262,659.781295722714,1935.439500831971,1.757291475000002,0.040621705954548004,0.0,0.09090909090909001,0.23076923076923,0.010974811361596,2
mp-23689_Na,CoH8(SO6)2,Na2CoH8(SO6)2,4.997184529051726,145.2264961768974,345.96040210375486,725.7235999035813,1728.827969057398,0.0,0.07593412634058501,0.0011986445999890001,0.0,0.08,0.036747689052181,1
mp-542864_Na,NiH12(SO7)2,Na2NiH12(SO7)2,4.567539719051727,132.38901012963962,286.3509773756667,604.6920621330703,1307.91946275264,0.0,0.051400144655173,0.017104481129032,0.0,0.06451612903225801,0.18077973977046602,1
mp-556404_Na,MnPO4F,Na2MnPO4F,3.864972674676721,249.4468036394037,790.6479812461021,964.105079851745,3055.8328428044974,0.0,0.035307653035705,0.0,0.0,0.22222222222222202,0.286561754856125,1
mp-562419_Na,Ca9Co(PO4)7,NaCa9Co(PO4)7,3.342796981551718,24.20163287609286,75.53372033487295,80.90114532682603,252.49389234078492,0.0,0.004759217181229,0.009460332282563001,0.0,0.021739130434782,4.5324756565712234e-05,1
mp-6838_Na,LiFe(Si2O5)3,Na2LiFe(Si2O5)3,4.5699816103017135,103.62675219567404,277.82054697824987,473.57235186952306,1269.6347906545652,0.0,0.10623750572463501,7.439675000497914e-05,0.0,0.08,0.026649669605583,1
mp-694890_Na,CaFe2(SiO3)4,NaCaFe2(SiO3)4,2.733554456551705,55.94217665626135,194.67334431576876,152.920986307926,532.1501879261942,0.0,0.028742488728063002,0.006143295041673,0.0,0.05,0.027761134450751002,1
mp-753652_Na,Na3Ni2P2(CO7)2,Na3NiPCO7,4.058584699885058,142.23676513448655,431.5574494063427,577.2799587359716,1751.5124612820025,0.46488363249999004,0.044120722608695005,0.0,0.130434782608695,0.23076923076923,0.02189481609775,2
mp-754061_Na,NaSnPCO7,Na3SnPCO7,2.060048156551726,156.43211808080224,477.4971943095216,322.25769647783864,983.6672148959515,0.0,0.025085609227268,0.051697199535256005,0.09090909090909001,0.23076923076923,0.20770293100099002,1
mp-754649_Na,MnCSO7,Na2MnCSO7,4.100874681551726,208.58069746847022,527.7328210763199,855.3633013088498,2164.166164575747,0.0,0.08731661375000101,0.036719868750002,0.0,0.16666666666666602,0.21292472878333002,1
mp-754871_Na,NaBiAsCO7,Na3BiAsCO7,2.6098949865517262,112.40397730714369,472.01888405685224,293.3625768423883,1231.9197190577192,3.7507043100000033,0.07081022931818401,0.09652927391025001,0.09090909090909001,0.23076923076923,0.04716535784528501,2
mp-755361_Na,Na2VBAsO7,Na3VBAsO7,2.894381646551725,84.37711870527087,266.1884261563742,244.21958376945227,770.4508951914986,0.0,0.08288265376984601,0.02130689807691,0.16666666666666602,0.23076923076923,0.031270444906714004,1
mp-756274_Na,Na2FeBPO7,Na3FeBPO7,3.662467991551725,96.20234988805166,283.45927476172653,352.3380271770489,1038.1605207232892,0.0,0.055398535642364,0.023322315618129003,0.16666666666666602,0.23076923076923,0.015524595118022,1
mp-756330_Na,Na2FeBAsO7,Na3FeBAsO7,3.612905546551719,83.09436392113066,268.4581686410172,300.21208829784,969.9140065002479,0.0,0.055858720148803005,0.030033047390109,0.16666666666666602,0.23076923076923,0.025283049552800002,1
mp-756707_Na,Na2VBPO7,Na3VBPO7,2.967536531551719,97.92592715302656,281.12329988261274,290.59876621267875,834.2436622720224,0.0,0.085130277202384,0.013613313935437,0.16666666666666602,0.23076923076923,0.030335772820358,1
mp-756769_Na,Na2TlPCO7,Na3TlPCO7,2.383596366551732,62.57161901998169,244.4746494313109,149.1454837452876,582.7288860984811,0.0,0.0,0.036959213915602,0.16666666666666602,0.23076923076923,0.081369335293311,1
mp-757045_Na,Ti3Nb(CuO4)3,NaTi3Nb(CuO4)3,3.337308996551716,41.73853696201145,210.6958222148917,139.29439490622715,703.157063013619,0.0,0.06824739484492001,0.06850200349999501,0.0,0.05,0.017559270106711003,1
mp-759323_Na,Na2FePCO7,Na5Fe2P2(CO7)2,2.5740071515517142,49.94691127830643,141.60670071681037,128.56370682827975,364.4966603527132,0.0,0.014135996041666002,0.013220427199986002,0.16666666666666602,0.2,0.023941283608864,1
mp-767526_Na,Na2CuPCO7,Na3CuPCO7,3.362398286551713,93.22397962611988,285.4735512122091,313.45614936039726,959.8757794517645,0.0,0.0,0.008190581250002,0.16666666666666602,0.23076923076923,0.036124648692496,1
mp-767538_Na,NaCePCO7,Na2CePCO7,2.552144956551718,78.57925159556763,249.28891748719153,200.54564064923645,636.2214534891732,0.0,0.029361832784099002,0.025715869711538,0.09090909090909001,0.16666666666666602,0.036822650451961,1
mp-767550_Na,NaTiPCO7,Na2TiPCO7,1.5432666315517198,107.71139236225964,283.0924073601767,166.22739767065016,436.8870659246074,0.0,0.023552068724748,0.080089908776068,0.09090909090909001,0.16666666666666602,0.023046192700086003,1
mp-767606_Na,NaNdPCO7,Na2NdPCO7,4.186945046551717,77.64003867269946,252.07004187964844,325.07457533474275,1055.4034132320778,0.0,0.09512496318181501,0.029830898576389004,0.09090909090909001,0.16666666666666602,0.047037429772558,1
mp-767754_Na,Na4Bi2P(CO4)4,Na6Bi2P(CO4)4,2.6485054940517223,60.166773561902986,227.700180086659,159.35203033806596,603.065177956083,1.275940355000017,0.067074688155869,0.077907932852013,0.148148148148148,0.206896551724137,0.035200926799759,2
mp-768027_Na,Na2MnPCO7,Na5Mn2P2(CO7)2,3.155611796551742,50.116323516569366,139.6276162592532,158.1476616886898,440.6105529920992,0.0,0.009036275000001,0.0009874632000130001,0.16666666666666602,0.2,0.01297905857535,1
mp-768085_Na,NaMnPCO7,Na2MnPCO7,3.877459166551734,104.73507929194264,284.10388956635893,406.1059932600657,1101.60123085208,0.57732716000001,0.019404587272727,0.009306686666667001,0.09090909090909001,0.16666666666666602,0.051845981444865005,2
mp-768103_Na,NaVPCO7,Na3VPCO7,2.440613730301724,194.99710311407102,548.6581468569964,475.9126072292628,1339.062606461085,1.634262997500002,0.036701005454538006,0.012394549739576,0.09090909090909001,0.23076923076923,0.063204372017703,2
mp-768121_Na,NaSbPCO7,Na2SbPCO7,3.886266746551729,83.04876582985173,254.25930881452925,322.7496569867144,988.1194968471323,0.0,0.100149997511358,0.0,0.09090909090909001,0.16666666666666602,0.027183058604246003,1
mp-768122_Na,NaBiPCO7,Na2BiPCO7,4.461097456551716,65.37900188552294,254.8342893086991,291.66209902339625,1136.8405998772018,0.0,0.069386899545459,0.0,0.09090909090909001,0.16666666666666602,0.033568701024982,1
mp-768125_Na,NaGePCO7,Na3GePCO7,2.132724569051728,180.73111040163943,528.8526524446742,385.4496795455767,1127.897045276931,0.0,0.039923883526168005,0.07034976269052501,0.09090909090909001,0.23076923076923,0.15662952323318702,1
mp-768253_Na,Na4Bi2As(CO4)4,Na6Bi2As(CO4)4,2.711236846551731,57.3383115695079,225.58839662747494,155.45774304631325,611.6235730909364,1.6611376699999871,0.085156742600306,0.09643778167385601,0.148148148148148,0.206896551724137,0.047897787208361006,2
mp-768257_Na,Na2Bi2C4SO16,Na6Bi2C4SO16,2.808920395301722,120.18633536338419,460.9436890869282,337.5938486387825,1294.7541293618888,3.039168932500004,0.08657926169999901,0.091845204371407,0.08,0.206896551724137,0.07035973292120701,2
mp-768326_Na,Na4Sn2C4SO16,Na6Sn2C4SO16,2.800981544051726,75.34253816866574,228.80173510776214,211.0330588924455,640.8694372838537,0.0,0.06727798647762201,0.026082981889366003,0.148148148148148,0.206896551724137,0.040314917004253006,1
mp-768461_Na,Na4Co2P(CO4)4,Na6Co2P(CO4)4,4.224462604051727,90.72761762293993,262.00692605541457,383.27542780281414,1106.838461123645,0.189775875000009,0.081551116898153,0.021231575468392,0.148148148148148,0.206896551724137,0.018675591204741,2
mp-768574_Na,Na2MnBPO7,Na3MnBPO7,3.668716216551733,96.51655586382483,276.8143176007037,354.0918536633354,1015.5531759554036,0.0,0.069957487617182,0.007923116267154001,0.16666666666666602,0.23076923076923,0.035911391000941005,1
mp-768582_Na,Na2BiBPO7,Na3BiBPO7,3.637906706551721,62.079226354215486,246.99746813768684,225.83843389154288,898.553745839386,0.0,0.07551740836805701,0.020522083202662002,0.16666666666666602,0.23076923076923,0.018314198234093002,1
mp-768598_Na,NaNiCSO7,Na2NiCSO7,4.12187752405173,102.7883136966566,281.58446588389126,423.6808399614274,1160.6566810489223,0.0,0.045019359999999,0.035010615624982006,0.09090909090909001,0.16666666666666602,0.028872810078638,1
mp-768661_Na,FeCSO7,Na2FeCSO7,3.8926054365517233,207.847172023377,541.2271572241084,809.0670317900984,2106.7837746199984,0.901993090000019,0.089343333416668,0.035865378333340005,0.0,0.16666666666666602,0.12877107137767602,2
mp-768663_Na,Na2SiBiCO7,Na3SiBiCO7,3.485697316551711,62.322980903367565,249.173846233891,217.23904729437186,868.5446071723426,0.0,0.034626122630215,0.0,0.16666666666666602,0.23076923076923,0.029621441716033002,1
mp-769373_Na,Na5Sn2P(CO4)4,Na6Sn2P(CO4)4,2.679763736551709,37.729138330288315,115.97703327723016,101.10517670884973,310.7910480491722,0.0,0.093120155781249,0.074978753498564,0.17857142857142802,0.206896551724137,0.030806550169652003,1
mp-769459_Na,Na3Ni2P2(CO7)2,Na5Ni2P2(CO7)2,4.112834931551735,98.84444186871173,288.39048781195123,406.5308733073724,1186.1024722002378,0.0,0.040802623260869,0.006211325975006001,0.130434782608695,0.2,0.021863361042883,1
mp-769465_Na,NaMnPCO7,Na5Mn2P2(CO7)2,3.611596209885063,150.3489705497081,424.1132042347871,542.9997721974468,1531.7256409765666,0.541389474999988,0.019132283636364003,0.0040370912000130005,0.09090909090909001,0.2,0.056828403091353,3
mp-769486_Na,Na3Ni2P2(CO7)2,Na5Ni2P2(CO7)2,3.864610799051721,98.84444186871173,290.7836502741711,381.99529747206344,1123.7656350372408,0.603742925000005,0.041895762391304006,0.027074944575006,0.130434782608695,0.2,0.016761788141745,2
mp-769506_Na,Na2FePCO7,Na5Fe2P2(CO7)2,2.753800811551716,49.94691127830643,141.2037802084733,137.54384481270182,388.847084532264,0.0,0.014502741041666002,0.006380755999986,0.16666666666666602,0.2,0.026248479512239003,1
mp-769529_Na,Na2MnPCO7,Na5Mn2P2(CO7)2,3.165659641551745,50.116323516569366,140.66593608488685,158.6512227393543,445.3004768050236,0.0,0.011072701249999001,0.002540518600013,0.16666666666666602,0.2,0.005333227300368001,1
mp-769532_Na,Na4V2C4SO16,Na6V2C4SO16,2.300817919051727,93.07365510151392,251.1025302170486,214.14553344920347,577.7412010426133,0.0,0.0,0.0,0.148148148148148,0.206896551724137,0.023353186019034,1
mp-769542_Na,Na4Cr2As(CO4)4,Na6Cr2As(CO4)4,3.036276904051721,86.33307156266021,253.11688689394214,262.13111124154966,768.5329577015484,1.162812354999999,0.08492972130658001,0.06412289686781701,0.148148148148148,0.206896551724137,0.020452863259504003,2
mp-769570_Na,Na3Fe2P(CO4)4,Na6Fe2P(CO4)4,3.359924674885058,137.5291660407657,355.6518856294304,462.0876384967329,1194.9635461957218,1.426312704999972,0.08860630009615601,0.077350134166667,0.115384615384615,0.206896551724137,0.09467806839956001,2
mp-769599_Na,NaCrPCO7,Na3CrPCO7,3.031012679051716,194.25186965900957,550.0736393236759,588.7798798659595,1667.2801752021828,2.750611829999968,0.056423033579551,0.01195674263621,0.09090909090909001,0.23076923076923,0.073593047086824,2
mp-769713_Na,Na4B4Sb2SO16,Na6B4Sb2SO16,2.051491209051722,75.20499399728025,241.55598589988867,154.28238406220797,495.54998156744335,0.0,0.058214908564814004,0.072689870129321,0.148148148148148,0.206896551724137,0.051113367705172004,1
mp-770475_Na,Na2BiBAsO7,Na3BiBAsO7,3.6204089015517162,56.34373477279911,236.93232638252633,203.98735891811086,857.7919035006548,0.0,0.068633205382657,0.022576822807114,0.16666666666666602,0.23076923076923,0.030114456553893002,1
mp-770525_Na,Na4Mn2C4SO16,Na6Mn2C4SO16,3.737696424051723,91.7995847827752,249.4764572601922,343.11897977201187,932.4672621865129,0.0,0.029121994876541,0.0,0.148148148148148,0.206896551724137,0.031714388718323,1
mp-770548_Na,Na4Cr2P(CO4)4,Na6Cr2P(CO4)4,2.998660504051716,92.9094338496565,259.0487091913328,278.6038497387706,776.7991328776286,0.7659756749999921,0.063655591954731,0.043333944964079,0.148148148148148,0.206896551724137,0.021816126497108002,2
mp-770560_Na,Na4Cr2C4SO16,Na6Cr2C4SO16,2.085979849051714,92.73403382297106,254.27020683357378,193.44132587599773,530.4025276690464,0.0,0.004407401219133,0.015969924653212002,0.148148148148148,0.206896551724137,0.039852922375281,1
mp-770646_Na,NaSnAsCO7,Na3SnAsCO7,2.203955641551719,138.64959957754283,465.5698707319389,305.57756718781235,1026.0953431361613,0.0,0.026341233030268002,0.079585738397435,0.09090909090909001,0.23076923076923,0.080478990060486,1
mp-770708_Na,Na2SiBSbO7,Na3SiBSbO7,1.695607211551721,78.45370588477671,266.009314250447,133.0266694711851,451.04731158298597,0.0,0.078960036666656,0.080339962475962,0.16666666666666602,0.23076923076923,0.012039033318278,1
mp-770765_Na,Na2MnBAsO7,Na3MnBAsO7,3.503137209051718,83.3286750888558,261.2734159836843,291.9117822847518,915.2766252684925,0.0,0.05580230569451101,0.016846963616046002,0.16666666666666602,0.23076923076923,0.026737093069887002,1
mp-770795_Na,Na2CuBSO7,Na3CuBSO7,3.032991951551726,93.25916303902316,274.0391439820014,282.85429090580743,831.1585181075349,0.0,0.081586021526446,0.08911558653846001,0.16666666666666602,0.23076923076923,0.003459685322988,1
mp-770820_Na,NaCoCSO7,Na2CoCSO7,3.832828926551731,102.69387073607363,275.9733829520708,393.60803833678733,1057.7587651370352,0.0,0.030786000530303004,0.034266435833324005,0.09090909090909001,0.16666666666666602,0.05193647975937601,1
mp-770821_Na,NaFeAsCO7,Na3FeAsCO7,3.469605169051721,165.5728782903828,529.9547916039072,574.4725143710837,1838.733884312644,1.841020130000004,0.044741147196979004,0.0,0.09090909090909001,0.23076923076923,0.007168509450685001,2
mp-770829_Na,NaCrCSO7,Na2CrCSO7,2.496419471551721,105.49806345893563,264.14319962585546,263.3674198298861,659.412226823959,0.0,0.045973252272724,0.053633645796243,0.09090909090909001,0.16666666666666602,0.09211636918527101,1
mp-770900_Na,NaMnAsCO7,Na3MnAsCO7,3.390345429051724,166.03802903051624,519.4772402930176,562.9262727723682,1761.2072871238363,0.9180205450000181,0.012315709429295002,0.0,0.09090909090909001,0.23076923076923,0.062758297887686,2
mp-770912_Na,Na2MnSiCO7,Na3MnSiCO7,3.170831431551722,97.10704343897869,282.33569187407056,307.91006556137205,895.2388860432051,0.0,0.021623773910588003,0.0,0.16666666666666602,0.23076923076923,0.035664476688423,1
mp-770940_Na,Na2NiAsCO7,Na3NiAsCO7,3.856678581551722,82.0644075153952,272.454836747416,316.4960427723569,1050.7707333239302,0.0,0.016718646132482,0.0,0.16666666666666602,0.23076923076923,0.011813930942475001,1
mp-770947_Na,NaVSiCO7,Na3VSiCO7,2.9326560578017262,197.06767998607802,562.9188063372017,577.9317255081036,1650.847247455311,1.059756117500001,0.088130306363638,0.0,0.09090909090909001,0.23076923076923,0.026909028376574003,2
mp-770948_Na,NaCoPCO7,Na3CoPCO7,3.9234055553017297,189.48825786910663,564.9327114268917,743.4392835880998,2216.4601383839363,0.18637389250000003,0.053627843579542006,0.0,0.09090909090909001,0.23076923076923,0.06681710271788201,2
mp-770978_Na,NaSiSbCO7,Na3SiSbCO7,2.374212109051729,156.3583157314863,518.0011128153267,371.22780656062827,1229.8445145484195,0.0,0.059494251818184005,0.031887851137819,0.09090909090909001,0.23076923076923,0.057291828872825,1
mp-771009_Na,Na2CoSiCO7,Na3CoSiCO7,3.220914926551717,95.72145479112967,292.14532625400915,308.31066252799496,940.9752420538595,0.0,0.07324002821759201,0.05487918057050901,0.16666666666666602,0.23076923076923,0.035159542677750004,1
mp-771012_Na,NaVAsCO7,Na3VAsCO7,2.443383406551728,168.11926327895614,522.3316433493002,410.7798182175028,1276.2564700765756,2.241200739999996,0.050211779545454006,0.04578653022969301,0.09090909090909001,0.23076923076923,0.020702201578926,2
mp-771013_Na,Na2CrSiCO7,Na3CrSiCO7,3.459963181551732,98.15328343360095,285.25467087373687,339.60674682867085,986.9706585887868,0.0,0.041646913356476,0.0028069222435940003,0.16666666666666602,0.23076923076923,0.015113261158202001,1
mp-771032_Na,Na2CuAsCO7,Na3CuAsCO7,3.3144571365517272,80.8629181072805,270.81228175088603,268.01667600307377,897.5956999150812,0.0,0.0,0.009780300000002,0.16666666666666602,0.23076923076923,0.014917513048771001,1
mp-771066_Na,Na2CoBAsO7,Na3CoBAsO7,3.710628494051722,82.30631955264056,270.46326225275436,305.40817457255446,1003.5886875092539,0.0,0.11328279710648201,0.07753518400183601,0.16666666666666602,0.23076923076923,0.031365919245627004,1
mp-771142_Na,Na2MnBSO7,Na3MnBSO7,2.614881566551734,96.13875669084227,263.9547111550563,251.39146270208565,690.2103086038442,0.0,0.09366602281198201,0.058931768076923005,0.16666666666666602,0.23076923076923,0.0031421550969830004,1
mp-771169_Na,NaCrAsCO7,Na2CrAsCO7,4.387437486551736,90.26993487974453,270.199874463949,396.0536961999752,1185.485058084703,0.0,0.053284074405423,0.0,0.09090909090909001,0.16666666666666602,0.023560141988136003,1
mp-771195_Na,Na5Ni2As(CO4)4,Na6Ni2As(CO4)4,3.781584476551732,42.254953698391056,130.20315945633035,159.79067696324782,492.3742465980488,0.0,0.062302664642858004,0.050394185100572,0.17857142857142802,0.206896551724137,0.023589077582860003,1
mp-771204_Na,Na2FeSiCO7,Na3FeSiCO7,3.868105926551724,96.78898741754244,284.2784197453748,374.3900558547362,1099.6190402078428,0.0,0.044322769618057006,0.0,0.16666666666666602,0.23076923076923,0.013881350875249,1
mp-771250_Na,Na2SiSnCO7,Na3SiSnCO7,1.06527300155172,78.88094293702058,263.69294767959855,84.02973884774988,280.90497786266667,0.0,0.012521415659719001,0.063235761330122,0.16666666666666602,0.23076923076923,0.023223099818441003,1
mp-771487_Na,Na4Mn2P(CO4)4,Na6Mn2P(CO4)4,3.8806216990517193,91.97146445172771,248.1689685079642,356.9064606449384,963.0498842232887,0.0,0.07416263997877601,0.024801718304598003,0.148148148148148,0.206896551724137,0.032467488275242005,1
mp-771495_Na,Na5Co2As(CO4)4,Na6Co2As(CO4)4,3.391257161551724,42.223028152597394,128.91253560230456,143.189146604896,437.175559575107,0.0,0.066989499747025,0.06452910770976901,0.17857142857142802,0.206896551724137,0.026514896243523003,1
mp-771839_Na,Na4Co2C4SO16,Na6Co2C4SO16,4.203535884051735,90.56035138236284,260.51226951556527,380.6736867080964,1095.0726731444356,0.0,0.053681964518513,0.0,0.148148148148148,0.206896551724137,0.001708263473895,1
mp-771954_Na,NaVCSO7,Na2VCSO7,2.888922099051729,105.93783238792089,268.54437828098474,306.0461451111027,775.8037889920441,0.0,0.08290958784091,0.05227107159337201,0.09090909090909001,0.16666666666666602,0.010953070322631,1
mp-772118_Na,NaCuCSO7,Na3CuCSO7,2.9306589190517203,185.74294054510852,551.3184858103866,544.3492053594156,1615.7264376782987,1.89741342500001,0.029455655833332,0.089562225192304,0.09090909090909001,0.23076923076923,0.009740201868946,2
mp-772152_Na,NaCoAsCO7,Na3CoAsCO7,3.7624218903017272,164.00839402719313,538.4066921817041,617.0687718811425,2025.7131245493874,0.6857252124999881,0.043617186377407004,0.0,0.09090909090909001,0.23076923076923,0.077376141519508,2
mp-772200_Na,Na4Fe2As(CO4)4,Na6Fe2As(CO4)4,3.526058554051719,85.27581376409721,242.50680696245198,300.6875125766163,855.0932011057228,0.0,0.07846620357252801,0.05212860252873901,0.148148148148148,0.206896551724137,0.049167155579004,1
mp-772553_Na,Ti3Cr(PO4)6,Na2Ti3Cr(PO4)6,5.008353921551734,66.0619232140528,190.6160237339426,330.8614921943509,954.6725099784899,0.0,0.051036203985306006,0.016753643750005,0.0,0.055555555555555004,0.0063013332385930005,1
mp-772662_Na,MnH4(SO5)2,Na2MnH4(SO5)2,4.239597669051729,162.89062405005873,415.9137815646201,690.5907100330106,1763.3070988478535,0.0,0.018710770637256003,0.006873235877209001,0.0,0.105263157894736,0.133276296695113,1
mp-772711_Na,Na2SiBiBO7,Na3SiBiBO7,3.495784871551723,62.49733154724774,253.6764172824556,218.47722613522092,886.7981818054504,0.0,0.085011077499999,0.026838610686826,0.16666666666666602,0.23076923076923,0.008031644945139001,1
mp-772859_Na,Ti3Fe(PO4)6,Na2Ti3Fe(PO4)6,4.137728261551732,65.75003780590923,189.95170155002683,272.05578962760546,785.968523833386,0.0,0.036345302365203,0.05577381874999401,0.0,0.055555555555555004,0.021845213696363,1
mp-773088_Na,V3Fe2CuO12,NaV3Fe2CuO12,4.168594101551722,49.354245844439085,179.79152120427668,205.73781811366237,749.4778748011591,0.0,0.047536193368053,0.008073857368414001,0.0,0.052631578947368,0.008637709239546001,1
mp-776196_Na,Na4Ni2C4SO16,Na6Ni2C4SO16,4.299877699051724,90.63378747413866,265.27061268708474,389.71420154064225,1140.631191706983,0.0,0.046667437314811,0.0,0.148148148148148,0.206896551724137,0.017240021820524,1
mp-776638_Na,Na4Mn2As(CO4)4,Na6Mn2As(CO4)4,3.933984291551727,85.52260728219764,244.92329532883394,336.4445936207129,963.5243964587173,0.0,0.09392772460840701,0.039523514856319004,0.148148148148148,0.206896551724137,0.022071970096255,1
mp-778480_Na,Na4V2P(CO4)4,Na6V2P(CO4)4,3.034058029051725,93.25034344511643,254.26284696952035,282.9269532414864,771.4482323374233,0.430084514999975,0.081031801959889,0.028826654727009002,0.148148148148148,0.206896551724137,0.005278998121273,2
mp-778605_Na,Na4Ni2P(CO4)4,Na6Ni2P(CO4)4,4.307202056551734,90.80132535062171,266.6308574424044,391.09965528782095,1148.4329775160766,0.082561490000017,0.07195419361111201,0.016419626566092003,0.148148148148148,0.206896551724137,0.025521497748177004,2
mp-779142_Na,Na4Cu2C4SO16,Na6Cu2C4SO16,3.701181109051735,89.17050870384884,261.7206694386132,330.03620229921864,968.6755975745689,0.0,0.051603475370368,0.043552051896552,0.148148148148148,0.206896551724137,0.024367675293018,1
mp-779161_Na,Na4Bi2B4SO16,Na6Bi2B4SO16,3.7826880740517232,60.418207670445774,233.17832170812204,228.5432336105756,882.0408566527094,0.0,0.068665403888894,0.017836379655176,0.148148148148148,0.206896551724137,0.016052765222992,1
mp-25408_Na,LiMnPCO7,NaLiMnPCO7,3.960867266551719,111.74310762854812,295.59364983784627,442.599617268682,1170.8072118432763,0.0,0.017613945681821,0.0,0.0,0.08333333333333301,0.081468113058264,1
mp-754320_Na,Li2MnPCO7,NaLi2MnPCO7,3.167487786551721,108.60031954832657,297.66798164978866,343.99018578493855,942.8596963232073,0.0,0.027332918541665002,0.041073223333337,0.0,0.07692307692307601,0.092688066942138,1
mp-755819_Na,Li2FePCO7,NaLi2FePCO7,2.720517889051724,108.20267407673184,307.5037247056461,294.3673104689822,836.5693840117469,0.0,0.011509146770835001,0.025701401538463002,0.0,0.07692307692307601,0.056042515989659,1
mp-756197_Na,Li3Fe2P2(CO7)2,Na3Li3Fe2P2(CO7)2,3.298130306551726,157.21100860251266,449.39658561565096,518.5023919955111,1482.1684986798457,0.0,0.044305801277175004,0.024617312500000002,0.0,0.115384615384615,0.071961580205312,1
mp-756199_Na,Li3Mn2P2(CO7)2,Na3Li3Mn2P2(CO7)2,3.357049196551727,157.7705659753254,446.63539642032134,529.6435517469774,1499.3769987044018,0.0,0.035044891195608004,0.032893035000003006,0.0,0.115384615384615,0.127062703799178,1
mp-756223_Na,Li2FePCO7,NaLi2FePCO7,2.7181301165517233,108.20267407673184,305.2465337591322,294.10894709939527,829.6997963837196,0.0,0.009743683437503,0.024255417884617003,0.0,0.07692307692307601,0.06462438214341301,1
mp-768689_Na,Li5Fe2P2(CO7)2,NaLi5Fe2P2(CO7)2,3.028983551551708,55.91268240472394,156.5508876613983,169.35859532704342,474.19006370719467,0.0,0.044425347549998,0.038391403269231,0.0,0.038461538461538006,0.031346018808460004,1
mp-768733_Na,Li3Mn2P2(CO7)2,Na3Li3Mn2P2(CO7)2,3.318277253218387,157.7705659753254,447.19550500457916,523.5264803033131,1483.9186719982042,0.0,0.036199362065173005,0.038387983461541,0.0,0.115384615384615,0.098095351235645,1
mp-768858_Na,Li5Mn2P2(CO7)2,NaLi5Mn2P2(CO7)2,3.088264391551721,56.12506755320178,154.60978317329287,173.32904759798797,477.47588795961286,0.0,0.044124832299997,0.053396195512824006,0.0,0.038461538461538006,0.035777899977193,1
